name,x0,y0,x1,y1,x2,y2,x3,y3,x4,y4,x5,y5,x6,y6,x7,y7,x8,y8,x9,y9,x10,y10,x11,y11,x12,y12,x13,y13,x14,y14,x15,y15,x16,y16,x17,y17,x18,y18,x19,y19,x20,y20,vxy00,vx11,vy11,vx12,vy12,vxy10,vx21,vy21,vx22,vy22,,,,,
img_70.txt Output 39.txt,0.2663499712944031,0.5062993764877319,0.3333752751350403,0.6620947122573853,0.4356861114501953,0.7181766033172607,0.5566590428352356,0.7278323173522949,0.6553901433944702,0.7526370882987976,0.5587502121925354,0.5679253339767456,0.7308493852615356,0.5771183371543884,0.8338001370429993,0.5754538178443909,0.9148077964782715,0.5718783140182495,0.5561941862106323,0.4549795091152191,0.7318730354309082,0.44566109776496887,0.8446227312088013,0.430441677570343,0.928683876991272,0.41525352001190186,0.5303853154182434,0.3744218349456787,0.6802752017974854,0.34707680344581604,0.7780417799949646,0.32518264651298523,0.8515837788581848,0.3088955879211426,0.49242573976516724,0.3217323422431946,0.581365704536438,0.25245988368988037,0.6407731175422668,0.2055172622203827,0.6895421147346497,0.16752400994300842,0, 0.713542, 0.588459, 0.047619, 0.057209,,,,,,,,,,
img_27.txt Output 14.txt,0.3907962739467621,0.0605698823928833,0.5716423392295837,0.058960407972335815,0.7103877067565918,0.13977517187595367,0.805504560470581,0.22377349436283112,0.9137146472930908,0.27550992369651794,0.605303943157196,0.3442107141017914,0.6418993473052979,0.4609457850456238,0.6616876125335693,0.5407559871673584,0.669927716255188,0.6035526990890503,0.5057263374328613,0.371062695980072,0.5241951942443848,0.5009824633598328,0.5322596430778503,0.5797711610794067,0.5343011021614075,0.6482690572738647,0.4111604690551758,0.368767648935318,0.42714107036590576,0.4987906813621521,0.4341522455215454,0.5806405544281006,0.4388665556907654,0.6544018387794495,0.31520336866378784,0.34033477306365967,0.3076784610748291,0.42847955226898193,0.2964056134223938,0.4811880588531494,0.28577640652656555,0.5302734971046448,0, 0.541336, 0.627356, 0.0992064, 0.0285218,,,,,,,,,,
img_108.txt Output 4.txt,0.24238646030426025,0.674714982509613,0.3270840644836426,0.8487439155578613,0.4398139417171478,0.975900411605835,0.512536883354187,1.0895986557006836,0.5596907734870911,1.1885507106781006,0.646782636642456,0.8056480884552002,0.7846863269805908,0.8534085154533386,0.8582860827445984,0.9019065499305725,0.913881778717041,0.9502544403076172,0.6576395034790039,0.6884670257568359,0.833102285861969,0.6985101699829102,0.9443329572677612,0.7248227596282959,1.0318808555603027,0.7555774450302124,0.6303960084915161,0.5798725485801697,0.7999427318572998,0.5618971586227417,0.9105165004730225,0.5685873031616211,1.0038819313049316,0.5833413600921631,0.5734218955039978,0.4689124822616577,0.7097930908203125,0.42236584424972534,0.8034591674804688,0.405570924282074,0.8945125341415405,0.40497297048568726,0, 0.571801, 0.425099, 0.0830853, 0.102183,,,,,,,,,,
img_76.txt Output 43.txt,0.303187757730484,0.47034981846809387,0.3382163643836975,0.6095914840698242,0.40818285942077637,0.7032825946807861,0.47504281997680664,0.7815139889717102,0.5031850337982178,0.8872036933898926,0.552121639251709,0.6114987730979919,0.6610119342803955,0.6362985968589783,0.7368201613426208,0.6405729055404663,0.8008571863174438,0.6361005902290344,0.5653005242347717,0.5194457173347473,0.690484881401062,0.5109823942184448,0.7730200290679932,0.5048708915710449,0.8412003517150879,0.4928519129753113,0.5527100563049316,0.4327697455883026,0.6658514738082886,0.4039120674133301,0.7393143773078918,0.385725200176239,0.8014444708824158,0.3699336051940918,0.524571418762207,0.35634660720825195,0.6064438819885254,0.31624335050582886,0.6605895757675171,0.28939807415008545,0.7140610218048096,0.2697172164916992,0, 0.699529, 0.507771, 0.0582837, 0.0724206,,,,,,,,,,
img_65.txt Output 33.txt,0.36047428846359253,0.2656218111515045,0.4908084273338318,0.29072105884552,0.5609151124954224,0.3587260842323303,0.5817603468894958,0.4455658197402954,0.5958290100097656,0.5145435929298401,0.44118013978004456,0.3766680061817169,0.49465298652648926,0.5100071430206299,0.5209285616874695,0.5780766606330872,0.5381394028663635,0.6306150555610657,0.3493752181529999,0.39725467562675476,0.39168447256088257,0.5492434501647949,0.4270440340042114,0.6281267404556274,0.4513227641582489,0.6812062859535217,0.2859550714492798,0.41377970576286316,0.33176711201667786,0.5521595478057861,0.3861857056617737,0.6015463471412659,0.42577147483825684,0.6216853857040405,0.25053855776786804,0.4261500835418701,0.2882938086986542,0.5376883745193481,0.3323003649711609,0.5810032486915588,0.3676084280014038,0.5991002321243286,0, 0.406911, 0.545387, 0.0790344, 0.0530754,0, 0.393684, 0.401786, 0.141204, 0.109127,,,,,
img_2.txt Output 11.txt,0.4163648784160614,0.6744025945663452,0.29725778102874756,0.5940806865692139,0.24567581713199615,0.49115464091300964,0.2625907063484192,0.39810794591903687,0.32505977153778076,0.32078656554222107,0.37963226437568665,0.38368332386016846,0.40403249859809875,0.2794342041015625,0.42094922065734863,0.21709243953227997,0.4444756805896759,0.1575254648923874,0.4848387539386749,0.39265352487564087,0.5278364419937134,0.28276634216308594,0.5555064082145691,0.21524427831172943,0.5812200903892517,0.14792503416538239,0.5708092451095581,0.42439132928848267,0.630979061126709,0.3272974491119385,0.6627761721611023,0.26515528559684753,0.685015082359314,0.20365959405899048,0.6474686861038208,0.47192299365997314,0.7139105796813965,0.4014567732810974,0.7517000436782837,0.35372674465179443,0.7809850573539734,0.3030747175216675,0, 0.337334, 0.838613, 0.167007, 0.0531978,,,,,,,,,,
img_37.txt Output 20.txt,0.5342808961868286,0.2067890763282776,0.38031578063964844,0.35204511880874634,0.32936710119247437,0.5142762064933777,0.2785271406173706,0.6359676718711853,0.25290679931640625,0.7514400482177734,0.6182068586349487,0.6343236565589905,0.6332584619522095,0.7946044206619263,0.5960856676101685,0.8902081251144409,0.5587332248687744,0.94976407289505,0.6160045862197876,0.589462399482727,0.6348981857299805,0.7448438405990601,0.5773655772209167,0.8282955288887024,0.5320168733596802,0.8703794479370117,0.5850797295570374,0.5464733839035034,0.5960184335708618,0.6751261949539185,0.5439223647117615,0.7495755553245544,0.5016792416572571,0.7909454703330994,0.5440795421600342,0.5091997981071472,0.5254784226417542,0.5991653203964233,0.4921470880508423,0.65467369556427,0.4609491229057312,0.6902956366539001,0, 0.44494, 0.289062, 0.216601, 0.0855655,,,,,,,,,,
img_30.txt Output 15.txt,0.2280564159154892,0.03591263294219971,0.09204688668251038,0.17155605554580688,0.10822144150733948,0.278432697057724,0.16209274530410767,0.39390844106674194,0.22326092422008514,0.5106523036956787,0.20275582373142242,0.32725948095321655,0.24174439907073975,0.5181401371955872,0.29274237155914307,0.65113365650177,0.33642569184303284,0.7558329105377197,0.35943591594696045,0.2929789125919342,0.4668135344982147,0.4929150342941284,0.5590140223503113,0.6422827243804932,0.6334535479545593,0.7531313896179199,0.4835756719112396,0.2493259310722351,0.6463212966918945,0.4055483043193817,0.758744478225708,0.5340729355812073,0.8278084993362427,0.6334473490715027,0.5578626394271851,0.21484729647636414,0.7023144960403442,0.2848409116268158,0.7791252136230469,0.35960662364959717,0.8343939185142517,0.4322660267353058,0, 0.612599, 0.389261, 0.162368, 0.0949901,,,,,,,,,,
img_22.txt Output 12.txt,0.436504065990448,-0.014132380485534668,0.5069394111633301,0.00564226508140564,0.5366106033325195,0.0684235543012619,0.48842620849609375,0.12050169706344604,0.4330376386642456,0.18958333134651184,0.5294698476791382,0.2986203134059906,0.5297451615333557,0.43869227170944214,0.5173591375350952,0.541764497756958,0.49055051803588867,0.6226451992988586,0.4101070165634155,0.3015329837799072,0.3988245725631714,0.4473760724067688,0.3727438747882843,0.5466641783714294,0.3408282399177551,0.6460165977478027,0.30227217078208923,0.27153280377388,0.23616094887256622,0.3934895992279053,0.1596621423959732,0.47389310598373413,0.09326556324958801,0.5409486293792725,0.21695448458194733,0.22583171725273132,0.11450928449630737,0.30162832140922546,0.03211772441864014,0.3490772247314453,-0.04236695170402527,0.39125970005989075,0, 0.552414, 0.392857, 0.121362, 0.0684524,,,,,,,,,,
img_18.txt Output 10.txt,0.5010082721710205,0.6592699289321899,0.36255306005477905,0.5974749326705933,0.276938796043396,0.5025959610939026,0.22593119740486145,0.42221760749816895,0.15036290884017944,0.37385886907577515,0.4191056489944458,0.37138381600379944,0.41351309418678284,0.25422441959381104,0.41464316844940186,0.17732501029968262,0.42243197560310364,0.11197352409362793,0.5290688872337341,0.3707753121852875,0.5661934614181519,0.23351775109767914,0.5878496170043945,0.1411399096250534,0.602681577205658,0.06484001874923706,0.624642014503479,0.39766979217529297,0.6822277307510376,0.27606552839279175,0.714309811592102,0.1903025358915329,0.7361772060394287,0.11531594395637512,0.706964373588562,0.44802165031433105,0.8120367527008057,0.3749253451824188,0.8822271823883057,0.3215057849884033,0.9404727220535278,0.27071863412857056,0, 0.567646, 0.774965, 0.248242, 0.103217,,,,,,,,,,
img_106.txt Output 3.txt,0.5162675976753235,0.26474374532699585,0.6609333157539368,0.32878419756889343,0.7477397918701172,0.45389389991760254,0.7893601655960083,0.5611656904220581,0.8671528697013855,0.6214611530303955,0.5985142588615417,0.6076403856277466,0.5946247577667236,0.7436659932136536,0.5873104929924011,0.8313585519790649,0.5740593671798706,0.9088618755340576,0.48908740282058716,0.6094703674316406,0.469174325466156,0.7580551505088806,0.4558369815349579,0.8604163527488708,0.4425320625305176,0.9514001607894897,0.3929886817932129,0.580339252948761,0.3617888391017914,0.71942138671875,0.34475618600845337,0.8152174949645996,0.3341098427772522,0.9007642269134521,0.30581700801849365,0.5267656445503235,0.25374701619148254,0.621982216835022,0.22853514552116394,0.6868234872817993,0.21187704801559448,0.7474518418312073,0, 0.395182, 0.291504, 0.105469, 0.118164,,,,,,,,,,
img_72.txt Output 40.txt,0.6331143379211426,-0.00043973326683044434,0.7692370414733887,0.14391055703163147,0.7942831516265869,0.3101455867290497,0.7571845054626465,0.46006497740745544,0.7418022751808167,0.5832770466804504,0.6275879144668579,0.4606134593486786,0.604325532913208,0.6836161017417908,0.5993980169296265,0.7611044645309448,0.5948277115821838,0.7881529331207275,0.523065984249115,0.4297592043876648,0.48626041412353516,0.67939293384552,0.4765012562274933,0.7952946424484253,0.47256672382354736,0.8593659400939941,0.4576717019081116,0.37047603726387024,0.3967326283454895,0.5663720965385437,0.37832239270210266,0.6829787492752075,0.37230128049850464,0.761013388633728,0.42275339365005493,0.29099196195602417,0.37252190709114075,0.435950368642807,0.3669527769088745,0.5125510096549988,0.3728717565536499,0.5554094314575195,0, 0.623636, 0.452546, 0.093998, 0.0790344,,,,,,,,,,
img_114.txt Output 6.txt,0.26681581139564514,0.5802692174911499,0.36374610662460327,0.730887234210968,0.46455109119415283,0.8185120820999146,0.5738307237625122,0.8506389856338501,0.659518301486969,0.8978633880615234,0.5506497621536255,0.665953516960144,0.7084417343139648,0.708428680896759,0.8028976917266846,0.7259659171104431,0.8763858079910278,0.740746021270752,0.5475237369537354,0.5470262765884399,0.7157726287841797,0.5265228152275085,0.8163076639175415,0.5130519866943359,0.8911374807357788,0.5041570663452148,0.5208700895309448,0.45344820618629456,0.6628473997116089,0.39464491605758667,0.7551641464233398,0.3619524836540222,0.8266501426696777,0.34518003463745117,0.4796310067176819,0.3903524875640869,0.5721598267555237,0.3086162805557251,0.6351693868637085,0.2701426148414612,0.695640504360199,0.24545761942863464,0, 0.858879, 0.512566, 0.094246, 0.0886243,,,,,,,,,,
img_64.txt Output 32.txt,0.29005759954452515,0.5384551286697388,0.38200172781944275,0.7230483293533325,0.5204634666442871,0.8038241267204285,0.6267210841178894,0.857227623462677,0.7268028855323792,0.9017090797424316,0.7154019474983215,0.6412565112113953,0.8594847321510315,0.6786681413650513,0.9591351747512817,0.7165970802307129,1.0446500778198242,0.7530590295791626,0.7302289009094238,0.5487529635429382,0.8900740742683411,0.5797474980354309,1.0019943714141846,0.6148937344551086,1.0927034616470337,0.6527496576309204,0.7141042351722717,0.4526759684085846,0.8735204935073853,0.46266984939575195,0.98014235496521,0.4982095956802368,1.069960594177246,0.5408358573913574,0.6701813340187073,0.3537459075450897,0.8074843883514404,0.34761589765548706,0.895509660243988,0.37637171149253845,0.9693657159805298,0.4203341007232666,0, 0.336558, 0.363426, 0.235119, 0.169974,,,,,,,,,,
img_12.txt Output 7.txt,0.02404877543449402,0.3474028706550598,0.060225456953048706,0.5753167271614075,0.17704692482948303,0.7661857008934021,0.28975939750671387,0.906405508518219,0.3406468629837036,1.035660743713379,0.4365980625152588,0.6884528994560242,0.5897870063781738,0.7919784784317017,0.6818623542785645,0.8467618227005005,0.7637364864349365,0.8885074257850647,0.4828794002532959,0.5594320893287659,0.6609717607498169,0.6356325745582581,0.7645982503890991,0.6795191168785095,0.857572078704834,0.7178731560707092,0.48566967248916626,0.42748042941093445,0.6636415719985962,0.4588155448436737,0.769993782043457,0.4880440831184387,0.8654055595397949,0.5185725688934326,0.45073172450065613,0.28238174319267273,0.5892450213432312,0.23932567238807678,0.6803467273712158,0.22370466589927673,0.7670612335205078,0.22445270419120789,0, 0.651786, 0.209821, 0.077877, 0.135251,0, 0.719494, 0.416832, 0.0362103, 0.0459656,,,,,
img_85.txt Output 45.txt,0.4250965416431427,0.4661146402359009,0.46429821848869324,0.6075066328048706,0.5064630508422852,0.6971697807312012,0.557453989982605,0.7783098220825195,0.5937795639038086,0.8563995957374573,0.6397448182106018,0.5845739841461182,0.7520642876625061,0.6238969564437866,0.8254392743110657,0.637299120426178,0.8871525526046753,0.6436420679092407,0.650801956653595,0.4887896776199341,0.7743126749992371,0.49639052152633667,0.8604363799095154,0.4963782727718353,0.9277613162994385,0.4930192530155182,0.6373242735862732,0.4073669910430908,0.7476389408111572,0.38652318716049194,0.8231472969055176,0.37627100944519043,0.8822417855262756,0.37041252851486206,0.6110701560974121,0.3497718572616577,0.6870707869529724,0.2931264042854309,0.738103449344635,0.2595188319683075,0.7855654954910278,0.23567655682563782,0, 0.629588, 0.329696, 0.0483631, 0.026455,,,,,,,,,,
img_75.txt Output 42.txt,0.30138567090034485,0.557976484298706,0.3658064603805542,0.6797849535942078,0.4515310525894165,0.7298759818077087,0.5233187675476074,0.771934449672699,0.5577487945556641,0.828281044960022,0.5587998628616333,0.6331562399864197,0.678677499294281,0.6475735902786255,0.7488363981246948,0.6471315622329712,0.8018530011177063,0.6459963321685791,0.5604221224784851,0.5409313440322876,0.6945229172706604,0.5053923726081848,0.7716434001922607,0.4828786253929138,0.8292835354804993,0.4647159278392792,0.537442147731781,0.46448978781700134,0.650826096534729,0.4016677737236023,0.7210208177566528,0.36176565289497375,0.7772072553634644,0.33161765336990356,0.4964997470378876,0.4106931984424591,0.5685145258903503,0.35395029187202454,0.6126596927642822,0.3227209150791168,0.6520683765411377,0.3015628159046173,0, 0.84437, 0.469907, 0.0458829, 0.0588624,,,,,,,,,,
img_54.txt Output 27.txt,0.06274190545082092,0.6413177847862244,0.11458170413970947,0.45167094469070435,0.24090631306171417,0.31292808055877686,0.3524443805217743,0.20409998297691345,0.43145883083343506,0.08234521746635437,0.4711095094680786,0.45931029319763184,0.640466034412384,0.46389734745025635,0.746987521648407,0.48784470558166504,0.8454618453979492,0.5225911736488342,0.4846958518028259,0.579739511013031,0.6661998629570007,0.6129515767097473,0.7795305848121643,0.6528533697128296,0.8829926252365112,0.6962504386901855,0.46151962876319885,0.6839871406555176,0.6269069910049438,0.7252274751663208,0.7381705045700073,0.7618849277496338,0.8382089138031006,0.7981927394866943,0.4134520888328552,0.7830923199653625,0.5428876280784607,0.8205341100692749,0.6258192658424377,0.8557087779045105,0.7061862945556641,0.8899585008621216,0, 0.438244, 0.431382, 0.0724206, 0.0744048,,,,,,,,,,
img_35.txt Output 18.txt,0.42943334579467773,0.333522230386734,0.6677047610282898,0.40307509899139404,0.8012137413024902,0.5137509107589722,0.9277288913726807,0.6108784079551697,1.055576205253601,0.6821580529212952,0.5768729448318481,0.7005545496940613,0.5896646976470947,0.8747963905334473,0.5868874788284302,0.976231575012207,0.579344630241394,1.0621275901794434,0.4342660903930664,0.698215126991272,0.4180392920970917,0.8714330196380615,0.39285963773727417,0.9796397686004639,0.3647157847881317,1.0646164417266846,0.328030526638031,0.6577913165092468,0.2866401970386505,0.8080255389213562,0.24554988741874695,0.9075829982757568,0.211016446352005,0.99103844165802,0.24500727653503418,0.6032049655914307,0.1715870499610901,0.7002323269844055,0.12452569603919983,0.7595268487930298,0.07889336347579956,0.8211348652839661,0, 0.283234, 0.532242, 0.0988757, 0.0664683,,,,,,,,,,
img_26.txt Output 13.txt,0.5400832295417786,0.10746115446090698,0.6916530728340149,0.16063162684440613,0.802194356918335,0.2585134506225586,0.8828506469726562,0.35644251108169556,0.9684230089187622,0.4480830430984497,0.6677604913711548,0.4489295482635498,0.71922367811203,0.6085922718048096,0.7412734031677246,0.7022510170936584,0.7485798597335815,0.7936096787452698,0.5534020662307739,0.4655706584453583,0.589690625667572,0.6371227502822876,0.6068500876426697,0.7495905160903931,0.6160970330238342,0.8547221422195435,0.444546103477478,0.4451294541358948,0.41709455847740173,0.5899714827537537,0.3900260925292969,0.6891376972198486,0.36883264780044556,0.7771326303482056,0.34136947989463806,0.40094292163848877,0.30245864391326904,0.5226365327835083,0.26925718784332275,0.6026898622512817,0.23994752764701843,0.6787734031677246,0, 0.382606, 0.807788, 0.117063, 0.077877,,,,,,,,,,
img_41.txt Output 23.txt,0.38788899779319763,0.7138184309005737,0.2447609007358551,0.575680673122406,0.1764148324728012,0.3994857668876648,0.1517346054315567,0.25063708424568176,0.09326344728469849,0.13072673976421356,0.2556028962135315,0.3427726626396179,0.28778016567230225,0.2172929048538208,0.34417369961738586,0.15527690947055817,0.3887288272380829,0.09061114490032196,0.3566216230392456,0.3700803816318512,0.3971579074859619,0.2537439465522766,0.4549034833908081,0.17511920630931854,0.5195068120956421,0.10923653841018677,0.42800652980804443,0.41350334882736206,0.4673382043838501,0.31212443113327026,0.5171849727630615,0.24168428778648376,0.5757486820220947,0.1789761483669281,0.5015271902084351,0.47136491537094116,0.5353620648384094,0.39482876658439636,0.5575573444366455,0.34151098132133484,0.5888417959213257,0.2882842421531677,0, 0.429398, 0.167411, 0.0876323, 0.0436508,0, 0.339947, 0.613839, 0.234788, 0.111607,,,,,
img_73.txt Output 41.txt,0.3582991659641266,0.46375522017478943,0.4234376549720764,0.5834469199180603,0.4917469918727875,0.6679527163505554,0.5356542468070984,0.7519170641899109,0.555911660194397,0.8299827575683594,0.5556538105010986,0.5924934148788452,0.6863165497779846,0.6038155555725098,0.763508677482605,0.5952049493789673,0.8187816143035889,0.5869458317756653,0.5608159899711609,0.49462470412254333,0.7089234590530396,0.491965115070343,0.7972209453582764,0.48491933941841125,0.8573791980743408,0.48315465450286865,0.5523046851158142,0.4047960042953491,0.6849499940872192,0.39583683013916016,0.765177845954895,0.39842304587364197,0.8185479640960693,0.40968576073646545,0.5328747034072876,0.3309994637966156,0.6277122497558594,0.2834266126155853,0.682781457901001,0.2697340250015259,0.7262892723083496,0.2706186771392822,0, 0.625248, 0.624504, 0.0654762, 0.0863095,0, 0.358011, 0.0484458, 0.118304, 0.0968915,,,,,
img_32.txt Output 16.txt,0.5288429856300354,0.2184540033340454,0.7347129583358765,0.2832295298576355,0.8482414484024048,0.4214400053024292,0.9052417278289795,0.5381089448928833,0.9938309192657471,0.608880877494812,0.6428017020225525,0.633137583732605,0.6418853402137756,0.8005226254463196,0.6316555142402649,0.908558189868927,0.6169506311416626,1.0006810426712036,0.5027698874473572,0.6333675384521484,0.4751739501953125,0.8128871917724609,0.45476025342941284,0.9302173852920532,0.43549275398254395,1.0313398838043213,0.383050799369812,0.5961095690727234,0.33606797456741333,0.7635526061058044,0.3112400472164154,0.873979926109314,0.2888621389865875,0.9736160039901733,0.27044934034347534,0.5301696062088013,0.1859334111213684,0.6552220582962036,0.14350739121437073,0.743686318397522,0.10736867785453796,0.8315950036048889,0, 0.482639, 0.341022, 0.251653, 0.141865,,,,,,,,,,
img_57.txt Output 29.txt,0.8916772603988647,0.5180752277374268,0.8404431343078613,0.2994462549686432,0.696487545967102,0.16229435801506042,0.5638048052787781,0.11141134798526764,0.47811686992645264,0.05197954177856445,0.5231349468231201,0.2964179813861847,0.3758840560913086,0.25693872570991516,0.2847934067249298,0.24295760691165924,0.2032526433467865,0.23556889593601227,0.5038535594940186,0.403135746717453,0.3516455292701721,0.3976190984249115,0.25495749711990356,0.4049108922481537,0.17429831624031067,0.418245404958725,0.513306200504303,0.5041218996047974,0.37328019738197327,0.5187087059020996,0.288857102394104,0.528124213218689,0.21452298760414124,0.5399634838104248,0.5449180006980896,0.6088073253631592,0.4381072223186493,0.634440541267395,0.3724440932273865,0.6544408202171326,0.3110659718513489,0.671455442905426,0, 0.386161, 0.660053, 0.046627, 0.0939153,0, 0.323165, 0.409888, 0.0714286, 0.108135,0, 0.369296, 0.544147, 0.0679564, 0.0796958
img_36.txt Output 19.txt,0.4595756232738495,0.06268855929374695,0.6834270358085632,0.08770051598548889,0.8633756637573242,0.17801985144615173,1.047255277633667,0.24208176136016846,1.2138946056365967,0.27208569645881653,0.7261324524879456,0.4921548664569855,0.7927325367927551,0.6710782051086426,0.8217542171478271,0.801685631275177,0.8377589583396912,0.9150207042694092,0.5627517700195312,0.5242273807525635,0.570952832698822,0.7198457717895508,0.5665397644042969,0.8571807146072388,0.557795524597168,0.9791258573532104,0.41310006380081177,0.5016019344329834,0.3752833604812622,0.6872861385345459,0.3543849289417267,0.8158403038978577,0.3428385257720947,0.9348447918891907,0.28155630826950073,0.4426993131637573,0.16488435864448547,0.5739588737487793,0.09480226039886475,0.6676856279373169,0.041913390159606934,0.7645768523216248,0, 0.49875, 0.520938, 0.189167, 0.064375,,,,,,,,,,
img_55.txt Output 28.txt,0.5355883240699768,0.038223981857299805,0.3694729804992676,0.10613042116165161,0.27302873134613037,0.2303750067949295,0.21900790929794312,0.3655190169811249,0.1426621973514557,0.48737406730651855,0.4492717385292053,0.4242328405380249,0.4731377959251404,0.605442225933075,0.5025425553321838,0.72266685962677,0.5399203300476074,0.8283796906471252,0.5841551423072815,0.42062145471572876,0.7037822604179382,0.5773247480392456,0.8046746850013733,0.6784602999687195,0.9010447859764099,0.7718489170074463,0.6860364675521851,0.3822837173938751,0.8006041049957275,0.5148283243179321,0.903061032295227,0.6007959842681885,0.9977187514305115,0.6776589751243591,0.7547988295555115,0.3223513960838318,0.870563268661499,0.413036048412323,0.960070013999939,0.46092599630355835,1.045815110206604,0.5034440159797668,0, 0.468915, 0.49318, 0.181217, 0.0999504,,,,,,,,,,
img_1.txt Output 1.txt,0.5851517915725708,0.6249120235443115,0.49087613821029663,0.4396253228187561,0.35951074957847595,0.33904027938842773,0.23165790736675262,0.2930319309234619,0.1419980525970459,0.22184279561042786,0.31397873163223267,0.46278536319732666,0.17956200242042542,0.46564188599586487,0.10338369011878967,0.48506876826286316,0.03373609483242035,0.5083550214767456,0.32353338599205017,0.5683055520057678,0.19121727347373962,0.5882138013839722,0.10255052149295807,0.6107487082481384,0.03016817569732666,0.6297228932380676,0.3507506251335144,0.6668392419815063,0.23002399504184723,0.6953482031822205,0.14925634860992432,0.7170302271842957,0.08295470476150513,0.7339226007461548,0.39092057943344116,0.7531957030296326,0.30120599269866943,0.782974123954773,0.23705191910266876,0.8028836250305176,0.1759852170944214,0.8163294196128845,0, 0.59, 0.609583, 0.09875, 0.250833,,,,,,,,,,
img_7.txt Output 38.txt,0.38824427127838135,-0.06026139855384827,0.6303122043609619,0.029843956232070923,0.7577681541442871,0.18665404617786407,0.7924477458000183,0.3393285870552063,0.8535446524620056,0.4554682970046997,0.6123306751251221,0.3720768690109253,0.6593718528747559,0.5288076996803284,0.6717638373374939,0.6169065237045288,0.676180899143219,0.6966007351875305,0.46097883582115173,0.3868756890296936,0.4659632444381714,0.5664287805557251,0.4577077627182007,0.6711879968643188,0.4505707025527954,0.7595911026000977,0.3374937176704407,0.3624230623245239,0.30024492740631104,0.5312809944152832,0.2766285240650177,0.6332602500915527,0.25730180740356445,0.721653401851654,0.21177005767822266,0.31782305240631104,0.16404539346694946,0.4554334282875061,0.13384217023849487,0.539000391960144,0.10956323146820068,0.6226938962936401,0, 0.462963, 0.624876, 0.115079, 0.0558036,,,,,,,,,,
img_50.txt Output 25.txt,0.8516991138458252,-0.001783609390258789,0.669801652431488,-0.06564778089523315,0.5046630501747131,-0.005338221788406372,0.3855615258216858,0.09882001578807831,0.2872045636177063,0.20157402753829956,0.4857115149497986,0.14014041423797607,0.34619051218032837,0.3056866526603699,0.26270490884780884,0.4246879816055298,0.18917608261108398,0.5290929079055786,0.5561399459838867,0.26469987630844116,0.40609246492385864,0.45105093717575073,0.30233192443847656,0.5769122838973999,0.20790258049964905,0.6765748262405396,0.6516547203063965,0.35888007283210754,0.5114888548851013,0.5413343906402588,0.4027429223060608,0.6515049934387207,0.30210673809051514,0.7357717752456665,0.759994626045227,0.4258795976638794,0.6547144651412964,0.5774849057197571,0.571709156036377,0.6613119840621948,0.4883800148963928,0.7253146171569824,0, 0.600942, 0.581845, 0.0753968, 0.078373,,,,,,,,,,
img_69.txt Output 37.txt,0.3902660608291626,0.5183175802230835,0.42419126629829407,0.4086381494998932,0.477777898311615,0.3509451150894165,0.5429241061210632,0.3268362581729889,0.5936341881752014,0.29944759607315063,0.548803985118866,0.4138320982456207,0.6488756537437439,0.3873271048069,0.7037476301193237,0.3751664161682129,0.747988224029541,0.36954328417778015,0.5599517226219177,0.48527857661247253,0.6673482656478882,0.4587569236755371,0.7319737076759338,0.44757387042045593,0.7804728150367737,0.4442308843135834,0.5535125136375427,0.551135241985321,0.6480159759521484,0.545231282711029,0.7083332538604736,0.5471541881561279,0.7526623010635376,0.5515050888061523,0.5367234349250793,0.6069430112838745,0.6116340756416321,0.6178222298622131,0.6553244590759277,0.6239259243011475,0.6929755210876465,0.6310920715332031,0, 0.720982, 0.550099, 0.0411706, 0.0453042,,,,,,,,,,
img_33.txt Output 17.txt,0.4418185353279114,0.08305197954177856,0.6343843340873718,0.1853453516960144,0.7183067798614502,0.2927290201187134,0.7057709693908691,0.4129776656627655,0.6796733140945435,0.521949291229248,0.4954455494880676,0.39418405294418335,0.535624623298645,0.5792720317840576,0.5596500635147095,0.6790257692337036,0.5684781670570374,0.7589373588562012,0.3610336482524872,0.39661237597465515,0.36327964067459106,0.5954470634460449,0.36992147564888,0.7081260085105896,0.3715565800666809,0.7895066738128662,0.2698669135570526,0.3762468993663788,0.24644801020622253,0.5441378355026245,0.2419775277376175,0.649768054485321,0.2461138665676117,0.7282540202140808,0.21341592073440552,0.34480124711990356,0.16432127356529236,0.46316787600517273,0.1505788266658783,0.5328565835952759,0.14991533756256104,0.590096652507782,0, 0.535053, 0.512525, 0.12963, 0.0726686,,,,,,,,,,
img_96.txt Output 49.txt,0.3930473327636719,0.543139636516571,0.46118873357772827,0.4362070560455322,0.5504252910614014,0.38172781467437744,0.6335250735282898,0.3671320080757141,0.7108416557312012,0.3482778072357178,0.643649160861969,0.5215895771980286,0.7491135001182556,0.5470673441886902,0.8126688003540039,0.572602391242981,0.8687567710876465,0.6035296320915222,0.635215699672699,0.5984879732131958,0.7484215497970581,0.6326110363006592,0.8189873099327087,0.6622350215911865,0.8789998292922974,0.690848708152771,0.6099361181259155,0.6587682366371155,0.707878828048706,0.6973146796226501,0.7718881368637085,0.7186548709869385,0.8256869316101074,0.7365610003471375,0.5708983540534973,0.7148626446723938,0.6442262530326843,0.749528706073761,0.6942065954208374,0.7625520825386047,0.7415027618408203,0.7722318172454834,0, 0.636905, 0.502315, 0.0287698, 0.0456349,,,,,,,,,,
img_13.txt Output 8.txt,0.4664228558540344,0.6137583255767822,0.3542789816856384,0.5898643136024475,0.2988739013671875,0.5445070266723633,0.27564552426338196,0.49466031789779663,0.2510755658149719,0.4576183557510376,0.36514732241630554,0.46213364601135254,0.32164108753204346,0.3878653049468994,0.2999189794063568,0.3512037992477417,0.2840256094932556,0.3260136544704437,0.4336026906967163,0.44904792308807373,0.39937928318977356,0.3560903072357178,0.3828252851963043,0.3093785345554352,0.36871910095214844,0.27324628829956055,0.48692238330841064,0.45350033044815063,0.46756044030189514,0.366520494222641,0.4556586444377899,0.31583184003829956,0.4468764364719391,0.2773154377937317,0.538411557674408,0.47095537185668945,0.5437362194061279,0.4008878767490387,0.5434257984161377,0.3586491048336029,0.539936363697052,0.32338517904281616,0, 0.321925, 0.579117, 0.108135, 0.0352183,,,,,,,,,,
img_63.txt Output 31.txt,0.3901658058166504,0.12385571002960205,0.6083011031150818,0.22855621576309204,0.7204022407531738,0.3265478014945984,0.7951198816299438,0.44046565890312195,0.889848530292511,0.5543752908706665,0.4699450731277466,0.44478052854537964,0.43157926201820374,0.6532792448997498,0.41279783844947815,0.7846873998641968,0.38357704877853394,0.894014835357666,0.31135231256484985,0.44284388422966003,0.27648594975471497,0.6615065932273865,0.25720059871673584,0.8221482038497925,0.22418317198753357,0.9398247003555298,0.19121018052101135,0.41683873534202576,0.11450552940368652,0.593795657157898,0.07877087593078613,0.7425699234008789,0.040678828954696655,0.8507401943206787,0.11546966433525085,0.38664811849594116,0.0317094624042511,0.523583173751831,-0.027423441410064697,0.6102464199066162,-0.07523670792579651,0.6807537078857422,0, 0.467083, 0.538125, 0.180833, 0.31,,,,,,,,,,
img_68.txt Output 36.txt,0.30285462737083435,0.48967164754867554,0.3394862115383148,0.6237448453903198,0.4176037311553955,0.7156530618667603,0.48800933361053467,0.7948924899101257,0.5136542916297913,0.8962528705596924,0.5554490685462952,0.6228479743003845,0.666650116443634,0.640160083770752,0.7434221506118774,0.6438995599746704,0.8076207637786865,0.6424220204353333,0.5684948563575745,0.529633104801178,0.6951957941055298,0.5183655619621277,0.7795405387878418,0.5113884210586548,0.8460366725921631,0.5017729997634888,0.5540562868118286,0.4435745179653168,0.6676968336105347,0.4109429717063904,0.743431568145752,0.3926020860671997,0.8044081330299377,0.37830597162246704,0.5236097574234009,0.36824190616607666,0.6092643141746521,0.3264309763908386,0.6646693348884583,0.2993925213813782,0.7182580232620239,0.27955082058906555,0, 0.704365, 0.511905, 0.0605159, 0.0734127,,,,,,,,,,
img_60.txt Output 30.txt,0.16700729727745056,0.46062180399894714,0.25689801573753357,0.6680015921592712,0.39364781975746155,0.7314684987068176,0.5226706266403198,0.6934617757797241,0.6016057133674622,0.6370296478271484,0.4418846368789673,0.712319552898407,0.634161114692688,0.7024308443069458,0.730895459651947,0.6670543551445007,0.7971311211585999,0.6271166801452637,0.4489046037197113,0.5838411450386047,0.6690536141395569,0.5859998464584351,0.7855215668678284,0.5589181184768677,0.8636474609375,0.5344622731208801,0.44519543647766113,0.4544354975223541,0.6523792743682861,0.46279656887054443,0.7697004675865173,0.4513576030731201,0.8546222448348999,0.4389198124408722,0.4317174553871155,0.33061033487319946,0.5977117419242859,0.31552770733833313,0.6903109550476074,0.3058691620826721,0.7697219848632812,0.2954502999782562,0, 0.495313, 0.558333, 0.109375, 0.0933333,0, 0.611562, 0.485, 0.134375, 0.136667,,,,,
img_97.txt Output 50.txt,0.22444897890090942,0.5091782212257385,0.22604122757911682,0.6606569290161133,0.27330929040908813,0.8071509599685669,0.3229548931121826,0.9296422004699707,0.3482906222343445,1.0514330863952637,0.49246615171432495,0.7641767263412476,0.5971682071685791,0.8253821134567261,0.6662930250167847,0.8658276200294495,0.727921724319458,0.9001367092132568,0.5281013250350952,0.6687708497047424,0.6415166854858398,0.7086408734321594,0.7173787355422974,0.7372984290122986,0.7842102646827698,0.7665092945098877,0.5310721397399902,0.5689134001731873,0.6423307657241821,0.5952222347259521,0.7133726477622986,0.6148423552513123,0.7784979343414307,0.640544056892395,0.5041683316230774,0.46643972396850586,0.595962643623352,0.4313133656978607,0.6543302536010742,0.40426141023635864,0.7141720652580261,0.3914209306240082,0, 0.458457, 0.440642, 0.0637401, 0.0949074,,,,,,,,,,
img_105.txt Output 2.txt,0.4034968614578247,0.7004801034927368,0.5836440920829773,0.6240789294242859,0.6985799074172974,0.5220390558242798,0.7765365242958069,0.42537063360214233,0.8617750406265259,0.36553943157196045,0.5372913479804993,0.4091142416000366,0.5818639993667603,0.321308970451355,0.6105151176452637,0.2617179751396179,0.6263653039932251,0.21172727644443512,0.424945205450058,0.39292606711387634,0.42983677983283997,0.2681087255477905,0.4394572377204895,0.1923791915178299,0.44212937355041504,0.12138661742210388,0.31874239444732666,0.40285611152648926,0.28029927611351013,0.29072123765945435,0.2667027711868286,0.21442647278308868,0.2550407648086548,0.1465090811252594,0.208590567111969,0.43616485595703125,0.12566930055618286,0.3520549535751343,0.07441592216491699,0.2948122024536133,0.031380146741867065,0.23811273276805878,0, 0.0931212, 0.323207, 0.131961, 0.044754,,,,,,,,,,
img_39.txt Output 21.txt,0.29258257150650024,0.4529617726802826,0.3885454535484314,0.49869823455810547,0.4964560568332672,0.6196066737174988,0.5824100375175476,0.7051061391830444,0.6599428057670593,0.7502732276916504,0.5208473205566406,0.7683317065238953,0.6130988001823425,0.8934399485588074,0.6945945024490356,0.9495887160301208,0.7683083415031433,0.9907423853874207,0.5300460457801819,0.7633320093154907,0.6367142200469971,0.9100123047828674,0.7334246635437012,0.960628867149353,0.8258379697799683,1.0023541450500488,0.5235740542411804,0.735293984413147,0.6344444155693054,0.8568352460861206,0.7307835817337036,0.8991309404373169,0.818706214427948,0.9238934516906738,0.5068753957748413,0.6786544919013977,0.60191810131073,0.7267857193946838,0.6795703172683716,0.7328761219978333,0.7520836591720581,0.729668378829956,0, 0.582713, 0.454861, 0.254712, 0.223214,,,,,,,,,,
img_17.txt Output 9.txt,0.6452644467353821,0.2730128765106201,0.7313836812973022,0.4193854331970215,0.7512992024421692,0.5992023348808289,0.7204751968383789,0.7582105994224548,0.7002828121185303,0.8925958275794983,0.6379276514053345,0.727271556854248,0.6004704833030701,0.8679656386375427,0.5737976431846619,0.9382209181785583,0.5492343902587891,1.0081548690795898,0.5675491690635681,0.6956638693809509,0.5228786468505859,0.8362332582473755,0.5001230239868164,0.9166023135185242,0.4888421297073364,0.9859197735786438,0.5137190222740173,0.6350361108779907,0.4577236473560333,0.7722644805908203,0.4454943537712097,0.8469383120536804,0.45594358444213867,0.8866845965385437,0.4601106345653534,0.5548040866851807,0.4127444624900818,0.6638781428337097,0.4121226668357849,0.7325820326805115,0.43488529324531555,0.78030925989151,0, 0.699281, 0.452216, 0.0999504, 0.249669,,,,,,,,,,
img_40.txt Output 22.txt,0.5970450639724731,0.1266757845878601,0.3891514837741852,0.18693393468856812,0.2567262649536133,0.27701157331466675,0.18577691912651062,0.37996968626976013,0.14813044667243958,0.46113574504852295,0.4089042842388153,0.4241744577884674,0.3525523841381073,0.5809260606765747,0.3180451989173889,0.6687247157096863,0.28759586811065674,0.7402677536010742,0.5277824997901917,0.44752004742622375,0.469142884016037,0.6179844737052917,0.4305630028247833,0.7167156338691711,0.39642634987831116,0.7895292043685913,0.6325515508651733,0.44471484422683716,0.5919521450996399,0.6070156097412109,0.5621061325073242,0.702141523361206,0.5335667133331299,0.7737031579017639,0.7187554836273193,0.4234541952610016,0.7268332242965698,0.5479056239128113,0.7274402379989624,0.6246527433395386,0.7236433029174805,0.6917773485183716,0, 0.572255, 0.665923, 0.0770503, 0.0664683,,,,,,,,,,
img_86.txt Output 46.txt,0.3635057210922241,0.5805612802505493,0.4197620749473572,0.4599447250366211,0.5142714977264404,0.38759294152259827,0.6058006882667542,0.3624957799911499,0.6902089715003967,0.3169862627983093,0.6326994299888611,0.46776753664016724,0.7485540509223938,0.46868354082107544,0.8221596479415894,0.4781920313835144,0.8901995420455933,0.49440625309944153,0.6370326280593872,0.5592113137245178,0.7550526857376099,0.5726783871650696,0.8386542201042175,0.5934258699417114,0.9116191864013672,0.6140018701553345,0.6174190640449524,0.6372896432876587,0.7182173728942871,0.6585325002670288,0.7828903794288635,0.6805605292320251,0.8412507176399231,0.694014310836792,0.5851017832756042,0.7085205316543579,0.6563730239868164,0.7293229103088379,0.6992663741111755,0.7427428364753723,0.742173433303833,0.7517836093902588,0, 0.463666, 0.505291, 0.131696, 0.127646,,,,,,,,,,
img_83.txt Output 44.txt,0.7433844804763794,-0.08612112700939178,0.5959681272506714,-0.057320818305015564,0.4518128037452698,0.003114059567451477,0.3240925669670105,0.04563876986503601,0.2305404096841812,0.07655707001686096,0.4815385937690735,0.21206586062908173,0.43529877066612244,0.4077356457710266,0.4214668869972229,0.5296199917793274,0.40930917859077454,0.6381446123123169,0.5738952159881592,0.2556906044483185,0.5497455596923828,0.47806504368782043,0.5362513661384583,0.6152803897857666,0.5266055464744568,0.7346471548080444,0.6662904620170593,0.26383310556411743,0.6682651042938232,0.47357064485549927,0.6635832786560059,0.6109433174133301,0.6637483835220337,0.7286397814750671,0.753780722618103,0.2473057210445404,0.7642592787742615,0.412061870098114,0.7724674940109253,0.5215020775794983,0.7731810808181763,0.6195443868637085,0, 0.520089, 0.734292, 0.113095, 0.20205,,,,,,,,,,
img_89.txt Output 47.txt,0.32494500279426575,0.5486427545547485,0.35871896147727966,0.37232574820518494,0.4471251964569092,0.23992112278938293,0.5231537818908691,0.1453694999217987,0.6257815957069397,0.052074581384658813,0.6349887847900391,0.3738292455673218,0.7857101559638977,0.3344440162181854,0.8759030103683472,0.30748432874679565,0.9567001461982727,0.2920764088630676,0.6390241980552673,0.4923199713230133,0.7955169677734375,0.49119144678115845,0.8948903679847717,0.5049306750297546,0.9839304089546204,0.5229566693305969,0.6209821701049805,0.5946357846260071,0.7510620951652527,0.6141861081123352,0.8324995040893555,0.6450767517089844,0.909242570400238,0.6725314855575562,0.595571756362915,0.6870459318161011,0.6868188977241516,0.7216063737869263,0.7456715106964111,0.7448933124542236,0.8074488043785095,0.7743340730667114,0, 0.440848, 0.495536, 0.135169, 0.11541,,,,,,,,,,
img_9.txt Output 48.txt,0.09890943765640259,0.5551729202270508,0.15817612409591675,0.35317379236221313,0.27650192379951477,0.2082175612449646,0.38018202781677246,0.08593642711639404,0.47096139192581177,-0.05570492148399353,0.49120986461639404,0.3593849539756775,0.6616959571838379,0.3583586812019348,0.7659550309181213,0.3645952343940735,0.8579536080360413,0.3751790225505829,0.48947304487228394,0.5035257339477539,0.664326012134552,0.5510010719299316,0.7719107270240784,0.6015194058418274,0.8651993274688721,0.6466084718704224,0.463492214679718,0.6248541474342346,0.6174999475479126,0.677264392375946,0.7187846302986145,0.7192546129226685,0.8125267028808594,0.7507129907608032,0.42610394954681396,0.7350565791130066,0.5458108186721802,0.783458948135376,0.6293221712112427,0.8113278746604919,0.712523341178894,0.8377329707145691,0, 0.628472, 0.534888, 0.177579, 0.138558,,,,,,,,,,
img_67.txt Output 35.txt,0.2142295241355896,0.9557207822799683,0.15341445803642273,0.718786358833313,0.18538400530815125,0.5119323134422302,0.2644112706184387,0.36383718252182007,0.31146666407585144,0.21503183245658875,0.39124614000320435,0.4839804172515869,0.5067980289459229,0.3248726427555084,0.5807409882545471,0.227507084608078,0.646467387676239,0.14387661218643188,0.4656127691268921,0.586303174495697,0.6336570382118225,0.44845107197761536,0.7386176586151123,0.35803699493408203,0.8255085945129395,0.28227704763412476,0.501449704170227,0.6954892873764038,0.668527364730835,0.5978195667266846,0.7717913389205933,0.5235480070114136,0.8560462594032288,0.4590502083301544,0.5167672038078308,0.8218502998352051,0.6506356000900269,0.7638377547264099,0.73118656873703,0.7170790433883667,0.8042177557945251,0.669802188873291,0, 0.478919, 0.390708, 0.116071, 0.135913,,,,,,,,,,
img_66.txt Output 34.txt,0.30063319206237793,0.4817286729812622,0.3327023684978485,0.611906111240387,0.40943509340286255,0.7081257700920105,0.4824731945991516,0.7881235480308533,0.5057506561279297,0.8877841830253601,0.5485776662826538,0.611049234867096,0.6572951078414917,0.6337741017341614,0.7318381667137146,0.6374304294586182,0.7967231273651123,0.6345155239105225,0.5629860758781433,0.5198970437049866,0.6838473081588745,0.5120211243629456,0.7656660079956055,0.5053598284721375,0.8359524607658386,0.49413949251174927,0.5515833497047424,0.43628445267677307,0.6632007956504822,0.4063205122947693,0.7358658313751221,0.38867396116256714,0.7983881235122681,0.37303656339645386,0.5201006531715393,0.3639565408229828,0.6030203700065613,0.31996744871139526,0.658177375793457,0.2927360236644745,0.7120969891548157,0.27135321497917175,0, 0.698909, 0.510913, 0.0570436, 0.0720899,,,,,,,,,,
img_51.txt Output 26.txt,0.5355883240699768,0.038223981857299805,0.3694729804992676,0.10613042116165161,0.27302873134613037,0.2303750067949295,0.21900790929794312,0.3655190169811249,0.1426621973514557,0.48737406730651855,0.4492717385292053,0.4242328405380249,0.4731377959251404,0.605442225933075,0.5025425553321838,0.72266685962677,0.5399203300476074,0.8283796906471252,0.5841551423072815,0.42062145471572876,0.7037822604179382,0.5773247480392456,0.8046746850013733,0.6784602999687195,0.9010447859764099,0.7718489170074463,0.6860364675521851,0.3822837173938751,0.8006041049957275,0.5148283243179321,0.903061032295227,0.6007959842681885,0.9977187514305115,0.6776589751243591,0.7547988295555115,0.3223513960838318,0.870563268661499,0.413036048412323,0.960070013999939,0.46092599630355835,1.045815110206604,0.5034440159797668,0, 0.468915, 0.49318, 0.181217, 0.0999504,,,,,,,,,,
img_111.txt Output 5.txt,-0.04807525873184204,0.5904660820960999,0.00963062047958374,0.39392608404159546,0.15992766618728638,0.2601316571235657,0.28055375814437866,0.1814166009426117,0.36564457416534424,0.08585372567176819,0.36123332381248474,0.392522394657135,0.5246238112449646,0.3098928928375244,0.628436803817749,0.24794630706310272,0.719479501247406,0.1999918818473816,0.3844106197357178,0.5228521823883057,0.5688499808311462,0.4458858370780945,0.6985453963279724,0.3841114044189453,0.8068551421165466,0.3309883773326874,0.3690544068813324,0.6599202156066895,0.5630910396575928,0.6127215623855591,0.6905673742294312,0.5651869773864746,0.7997294664382935,0.5151492357254028,0.3233639895915985,0.8031319379806519,0.4936571717262268,0.8203755617141724,0.6075632572174072,0.8168854713439941,0.7121950387954712,0.8038413524627686,0, 0.750248, 0.560351, 0.0704365, 0.0968915,,,,,,,,,,
img_46.txt Output 24.txt,0.7940884828567505,0.4453921914100647,0.7568661570549011,0.2762435972690582,0.6329582929611206,0.16178438067436218,0.5227798819541931,0.07864807546138763,0.45414939522743225,-0.00978204607963562,0.4481639266014099,0.2785734534263611,0.3303903341293335,0.20520074665546417,0.25317704677581787,0.15779609978199005,0.1847403347492218,0.11720201373100281,0.410819411277771,0.37225833535194397,0.2615542411804199,0.32797005772590637,0.15963169932365417,0.29531437158584595,0.07235744595527649,0.2626076936721802,0.4070126414299011,0.46316957473754883,0.2621516287326813,0.4280635118484497,0.1654432713985443,0.3842175602912903,0.07562074065208435,0.34630924463272095,0.4297524392604828,0.5579555034637451,0.2953627109527588,0.5284020900726318,0.2087109386920929,0.4902665615081787,0.1275550127029419,0.44579896330833435,0, 0.569444, 0.580853, 0.0828373, 0.154431,,,,,,,,,,
