Output_1.txt,0.5851517915725708,0.6249120235443115,7.789529377077997e-07
Output_1.txt,0.49087613821029663,0.4396253228187561,-0.06784752756357193
Output_1.txt,0.35951074957847595,0.33904027938842773,-0.08383822441101074
Output_1.txt,0.23165790736675262,0.2930319309234619,-0.09495334327220917
Output_1.txt,0.1419980525970459,0.22184279561042786,-0.10646026581525803
Output_1.txt,0.31397873163223267,0.46278536319732666,-0.003898350289091468
Output_1.txt,0.17956200242042542,0.46564188599586487,-0.02357657067477703
Output_1.txt,0.10338369011878967,0.48506876826286316,-0.05046050623059273
Output_1.txt,0.03373609483242035,0.5083550214767456,-0.07448640465736389
Output_1.txt,0.32353338599205017,0.5683055520057678,0.009787297807633877
Output_1.txt,0.19121727347373962,0.5882138013839722,-0.010305249132215977
Output_1.txt,0.10255052149295807,0.6107487082481384,-0.0500926747918129
Output_1.txt,0.03016817569732666,0.6297228932380676,-0.08377613127231598
Output_1.txt,0.3507506251335144,0.6668392419815063,0.013507631607353687
Output_1.txt,0.23002399504184723,0.6953482031822205,-0.009288166649639606
Output_1.txt,0.14925634860992432,0.7170302271842957,-0.03611752763390541
Output_1.txt,0.08295470476150513,0.7339226007461548,-0.0573296844959259
Output_1.txt,0.39092057943344116,0.7531957030296326,0.010251437313854694
Output_1.txt,0.30120599269866943,0.782974123954773,-0.009987068362534046
Output_10.txt,0.5010082721710205,0.6592699289321899,1.0778409205158823e-06
Output_10.txt,0.36255306005477905,0.5974749326705933,-0.05638030916452408
Output_10.txt,0.276938796043396,0.5025959610939026,-0.09131346642971039
Output_10.txt,0.22593119740486145,0.42221760749816895,-0.12364046275615692
Output_10.txt,0.15036290884017944,0.37385886907577515,-0.15982326865196228
Output_10.txt,0.4191056489944458,0.37138381600379944,-0.07414356619119644
Output_10.txt,0.41351309418678284,0.25422441959381104,-0.1295706182718277
Output_10.txt,0.41464316844940186,0.17732501029968262,-0.17349471151828766
Output_10.txt,0.42243197560310364,0.11197352409362793,-0.2073180377483368
Output_10.txt,0.5290688872337341,0.3707753121852875,-0.09147186577320099
Output_10.txt,0.5661934614181519,0.23351775109767914,-0.14359180629253387
Output_10.txt,0.5878496170043945,0.1411399096250534,-0.19013389945030212
Output_10.txt,0.602681577205658,0.06484001874923706,-0.2252146154642105
Output_10.txt,0.624642014503479,0.39766979217529297,-0.1158871203660965
Output_10.txt,0.6822277307510376,0.27606552839279175,-0.17890846729278564
Output_10.txt,0.714309811592102,0.1903025358915329,-0.23041944205760956
Output_10.txt,0.7361772060394287,0.11531594395637512,-0.2667675018310547
Output_10.txt,0.706964373588562,0.44802165031433105,-0.143525168299675
Output_10.txt,0.8120367527008057,0.3749253451824188,-0.20642629265785217
Output_11.txt,0.4163648784160614,0.6744025945663452,8.202760000131093e-07
Output_11.txt,0.29725778102874756,0.5940806865692139,-0.0872979387640953
Output_11.txt,0.24567581713199615,0.49115464091300964,-0.13102135062217712
Output_11.txt,0.2625907063484192,0.39810794591903687,-0.16835862398147583
Output_11.txt,0.32505977153778076,0.32078656554222107,-0.20270825922489166
Output_11.txt,0.37963226437568665,0.38368332386016846,-0.044536590576171875
Output_11.txt,0.40403249859809875,0.2794342041015625,-0.1036645695567131
Output_11.txt,0.42094922065734863,0.21709243953227997,-0.15995162725448608
Output_11.txt,0.4444756805896759,0.1575254648923874,-0.20503801107406616
Output_11.txt,0.4848387539386749,0.39265352487564087,-0.04668232426047325
Output_11.txt,0.5278364419937134,0.28276634216308594,-0.0991772785782814
Output_11.txt,0.5555064082145691,0.21524427831172943,-0.1556987762451172
Output_11.txt,0.5812200903892517,0.14792503416538239,-0.200712189078331
Output_11.txt,0.5708092451095581,0.42439132928848267,-0.06301899254322052
Output_11.txt,0.630979061126709,0.3272974491119385,-0.12394601851701736
Output_11.txt,0.6627761721611023,0.26515528559684753,-0.1686704307794571
Output_11.txt,0.685015082359314,0.20365959405899048,-0.20204058289527893
Output_11.txt,0.6474686861038208,0.47192299365997314,-0.08793944865465164
Output_11.txt,0.7139105796813965,0.4014567732810974,-0.14546294510364532
Output_12.txt,0.436504065990448,-0.014132380485534668,2.846844381565461e-06
Output_12.txt,0.5069394111633301,0.00564226508140564,-0.2559666633605957
Output_12.txt,0.5366106033325195,0.0684235543012619,-0.40686216950416565
Output_12.txt,0.48842620849609375,0.12050169706344604,-0.5207898020744324
Output_12.txt,0.4330376386642456,0.18958333134651184,-0.6371153593063354
Output_12.txt,0.5294698476791382,0.2986203134059906,-0.3012555241584778
Output_12.txt,0.5297451615333557,0.43869227170944214,-0.4013586640357971
Output_12.txt,0.5173591375350952,0.541764497756958,-0.4823676347732544
Output_12.txt,0.49055051803588867,0.6226451992988586,-0.545811116695404
Output_12.txt,0.4101070165634155,0.3015329837799072,-0.23177403211593628
Output_12.txt,0.3988245725631714,0.4473760724067688,-0.3324533998966217
Output_12.txt,0.3727438747882843,0.5466641783714294,-0.43066003918647766
Output_12.txt,0.3408282399177551,0.6460165977478027,-0.5084696412086487
Output_12.txt,0.30227217078208923,0.27153280377388,-0.17694741487503052
Output_12.txt,0.23616094887256622,0.3934895992279053,-0.280488520860672
Output_12.txt,0.1596621423959732,0.47389310598373413,-0.37736397981643677
Output_12.txt,0.09326556324958801,0.5409486293792725,-0.4495053291320801
Output_12.txt,0.21695448458194733,0.22583171725273132,-0.1392616629600525
Output_12.txt,0.11450928449630737,0.30162832140922546,-0.2369142770767212
Output_13.txt,0.5400832295417786,0.10746115446090698,1.3527217106457101e-06
Output_13.txt,0.6916530728340149,0.16063162684440613,-0.13198848068714142
Output_13.txt,0.802194356918335,0.2585134506225586,-0.2116512954235077
Output_13.txt,0.8828506469726562,0.35644251108169556,-0.27650171518325806
Output_13.txt,0.9684230089187622,0.4480830430984497,-0.3408372700214386
Output_13.txt,0.6677604913711548,0.4489295482635498,-0.16645818948745728
Output_13.txt,0.71922367811203,0.6085922718048096,-0.26442500948905945
Output_13.txt,0.7412734031677246,0.7022510170936584,-0.3364447355270386
Output_13.txt,0.7485798597335815,0.7936096787452698,-0.3868687152862549
Output_13.txt,0.5534020662307739,0.4655706584453583,-0.15894834697246552
Output_13.txt,0.589690625667572,0.6371227502822876,-0.25184008479118347
Output_13.txt,0.6068500876426697,0.7495905160903931,-0.3229794502258301
Output_13.txt,0.6160970330238342,0.8547221422195435,-0.3749407231807709
Output_13.txt,0.444546103477478,0.4451294541358948,-0.16352565586566925
Output_13.txt,0.41709455847740173,0.5899714827537537,-0.2563242018222809
Output_13.txt,0.3900260925292969,0.6891376972198486,-0.3101339042186737
Output_13.txt,0.36883264780044556,0.7771326303482056,-0.34341686964035034
Output_13.txt,0.34136947989463806,0.40094292163848877,-0.17827267944812775
Output_13.txt,0.30245864391326904,0.5226365327835083,-0.2565786838531494
Output_14.txt,0.3907962739467621,0.0605698823928833,1.3510114058590261e-06
Output_14.txt,0.5716423392295837,0.058960407972335815,-0.08918464928865433
Output_14.txt,0.7103877067565918,0.13977517187595367,-0.13499431312084198
Output_14.txt,0.805504560470581,0.22377349436283112,-0.1732224076986313
Output_14.txt,0.9137146472930908,0.27550992369651794,-0.2091601938009262
Output_14.txt,0.605303943157196,0.3442107141017914,-0.03941098600625992
Output_14.txt,0.6418993473052979,0.4609457850456238,-0.07775220274925232
Output_14.txt,0.6616876125335693,0.5407559871673584,-0.11543610692024231
Output_14.txt,0.669927716255188,0.6035526990890503,-0.14511552453041077
Output_14.txt,0.5057263374328613,0.371062695980072,-0.03727372735738754
Output_14.txt,0.5241951942443848,0.5009824633598328,-0.05840728059411049
Output_14.txt,0.5322596430778503,0.5797711610794067,-0.08225033432245255
Output_14.txt,0.5343011021614075,0.6482690572738647,-0.10183139890432358
Output_14.txt,0.4111604690551758,0.368767648935318,-0.04993338882923126
Output_14.txt,0.42714107036590576,0.4987906813621521,-0.07956071943044662
Output_14.txt,0.4341522455215454,0.5806405544281006,-0.09508603811264038
Output_14.txt,0.4388665556907654,0.6544018387794495,-0.1097245141863823
Output_14.txt,0.31520336866378784,0.34033477306365967,-0.0730859786272049
Output_14.txt,0.3076784610748291,0.42847955226898193,-0.10841773450374603
Output_15.txt,0.2280564159154892,0.03591263294219971,2.525542868170305e-06
Output_15.txt,0.09204688668251038,0.17155605554580688,-0.1461644470691681
Output_15.txt,0.10822144150733948,0.278432697057724,-0.276104599237442
Output_15.txt,0.16209274530410767,0.39390844106674194,-0.3478119671344757
Output_15.txt,0.22326092422008514,0.5106523036956787,-0.42494696378707886
Output_15.txt,0.20275582373142242,0.32725948095321655,-0.5671254992485046
Output_15.txt,0.24174439907073975,0.5181401371955872,-0.7386780977249146
Output_15.txt,0.29274237155914307,0.65113365650177,-0.8139835000038147
Output_15.txt,0.33642569184303284,0.7558329105377197,-0.8562394976615906
Output_15.txt,0.35943591594696045,0.2929789125919342,-0.5077434778213501
Output_15.txt,0.4668135344982147,0.4929150342941284,-0.7093069553375244
Output_15.txt,0.5590140223503113,0.6422827243804932,-0.7920417785644531
Output_15.txt,0.6334535479545593,0.7531313896179199,-0.8478077054023743
Output_15.txt,0.4835756719112396,0.2493259310722351,-0.4222772419452667
Output_15.txt,0.6463212966918945,0.4055483043193817,-0.592654287815094
Output_15.txt,0.758744478225708,0.5340729355812073,-0.6911168694496155
Output_15.txt,0.8278084993362427,0.6334473490715027,-0.7528537511825562
Output_15.txt,0.5578626394271851,0.21484729647636414,-0.3255372643470764
Output_15.txt,0.7023144960403442,0.2848409116268158,-0.45565056800842285
Output_16.txt,0.5288429856300354,0.2184540033340454,1.3506636378224357e-06
Output_16.txt,0.7347129583358765,0.2832295298576355,-0.11234928667545319
Output_16.txt,0.8482414484024048,0.4214400053024292,-0.1728605180978775
Output_16.txt,0.9052417278289795,0.5381089448928833,-0.2216668426990509
Output_16.txt,0.9938309192657471,0.608880877494812,-0.2727116048336029
Output_16.txt,0.6428017020225525,0.633137583732605,-0.12977716326713562
Output_16.txt,0.6418853402137756,0.8005226254463196,-0.2194819450378418
Output_16.txt,0.6316555142402649,0.908558189868927,-0.29209378361701965
Output_16.txt,0.6169506311416626,1.0006810426712036,-0.3459162414073944
Output_16.txt,0.5027698874473572,0.6333675384521484,-0.1361871361732483
Output_16.txt,0.4751739501953125,0.8128871917724609,-0.22175446152687073
Output_16.txt,0.45476025342941284,0.9302173852920532,-0.29133331775665283
Output_16.txt,0.43549275398254395,1.0313398838043213,-0.34133198857307434
Output_16.txt,0.383050799369812,0.5961095690727234,-0.15593470633029938
Output_16.txt,0.33606797456741333,0.7635526061058044,-0.24527683854103088
Output_16.txt,0.3112400472164154,0.873979926109314,-0.30333635210990906
Output_16.txt,0.2888621389865875,0.9736160039901733,-0.3421667218208313
Output_16.txt,0.27044934034347534,0.5301696062088013,-0.1853487491607666
Output_16.txt,0.1859334111213684,0.6552220582962036,-0.2695092260837555
Output_17.txt,0.4418185353279114,0.08305197954177856,8.326367719746486e-07
Output_17.txt,0.6343843340873718,0.1853453516960144,-0.07235612720251083
Output_17.txt,0.7183067798614502,0.2927290201187134,-0.12098591774702072
Output_17.txt,0.7057709693908691,0.4129776656627655,-0.1459030658006668
Output_17.txt,0.6796733140945435,0.521949291229248,-0.16496269404888153
Output_17.txt,0.4954455494880676,0.39418405294418335,-0.16993460059165955
Output_17.txt,0.535624623298645,0.5792720317840576,-0.19578932225704193
Output_17.txt,0.5596500635147095,0.6790257692337036,-0.1909601092338562
Output_17.txt,0.5684781670570374,0.7589373588562012,-0.18363066017627716
Output_17.txt,0.3610336482524872,0.39661237597465515,-0.13710032403469086
Output_17.txt,0.36327964067459106,0.5954470634460449,-0.1812198907136917
Output_17.txt,0.36992147564888,0.7081260085105896,-0.19255058467388153
Output_17.txt,0.3715565800666809,0.7895066738128662,-0.19697226583957672
Output_17.txt,0.2698669135570526,0.3762468993663788,-0.09710688889026642
Output_17.txt,0.24644801020622253,0.5441378355026245,-0.13137713074684143
Output_17.txt,0.2419775277376175,0.649768054485321,-0.14603623747825623
Output_17.txt,0.2461138665676117,0.7282540202140808,-0.15268979966640472
Output_17.txt,0.21341592073440552,0.34480124711990356,-0.0567183643579483
Output_17.txt,0.16432127356529236,0.46316787600517273,-0.06593743711709976
Output_18.txt,0.42943334579467773,0.333522230386734,1.9551309833332198e-06
Output_18.txt,0.6677047610282898,0.40307509899139404,-0.08082849532365799
Output_18.txt,0.8012137413024902,0.5137509107589722,-0.126687154173851
Output_18.txt,0.9277288913726807,0.6108784079551697,-0.15795162320137024
Output_18.txt,1.055576205253601,0.6821580529212952,-0.1898258477449417
Output_18.txt,0.5768729448318481,0.7005545496940613,-0.0714629590511322
Output_18.txt,0.5896646976470947,0.8747963905334473,-0.07923202961683273
Output_18.txt,0.5868874788284302,0.976231575012207,-0.09381735324859619
Output_18.txt,0.579344630241394,1.0621275901794434,-0.1117713525891304
Output_18.txt,0.4342660903930664,0.698215126991272,-0.047228917479515076
Output_18.txt,0.4180392920970917,0.8714330196380615,-0.049347177147865295
Output_18.txt,0.39285963773727417,0.9796397686004639,-0.07645885646343231
Output_18.txt,0.3647157847881317,1.0646164417266846,-0.10641194134950638
Output_18.txt,0.328030526638031,0.6577913165092468,-0.02681669220328331
Output_18.txt,0.2866401970386505,0.8080255389213562,-0.03349808230996132
Output_18.txt,0.24554988741874695,0.9075829982757568,-0.07221956551074982
Output_18.txt,0.211016446352005,0.99103844165802,-0.11126156896352768
Output_18.txt,0.24500727653503418,0.6032049655914307,-0.010602347552776337
Output_18.txt,0.1715870499610901,0.7002323269844055,-0.027559850364923477
Output_19.txt,0.4595756232738495,0.06268855929374695,2.6960631203110097e-06
Output_19.txt,0.6834270358085632,0.08770051598548889,-0.16962134838104248
Output_19.txt,0.8633756637573242,0.17801985144615173,-0.27722686529159546
Output_19.txt,1.047255277633667,0.24208176136016846,-0.36435672640800476
Output_19.txt,1.2138946056365967,0.27208569645881653,-0.4568255841732025
Output_19.txt,0.7261324524879456,0.4921548664569855,-0.20029570162296295
Output_19.txt,0.7927325367927551,0.6710782051086426,-0.29483404755592346
Output_19.txt,0.8217542171478271,0.801685631275177,-0.37475064396858215
Output_19.txt,0.8377589583396912,0.9150207042694092,-0.4381820857524872
Output_19.txt,0.5627517700195312,0.5242273807525635,-0.18768785893917084
Output_19.txt,0.570952832698822,0.7198457717895508,-0.27290990948677063
Output_19.txt,0.5665397644042969,0.8571807146072388,-0.3506089150905609
Output_19.txt,0.557795524597168,0.9791258573532104,-0.41106322407722473
Output_19.txt,0.41310006380081177,0.5016019344329834,-0.19051441550254822
Output_19.txt,0.3752833604812622,0.6872861385345459,-0.287082701921463
Output_19.txt,0.3543849289417267,0.8158403038978577,-0.3727070689201355
Output_19.txt,0.3428385257720947,0.9348447918891907,-0.4352743327617645
Output_19.txt,0.28155630826950073,0.4426993131637573,-0.20528516173362732
Output_19.txt,0.16488435864448547,0.5739588737487793,-0.3042505383491516
Output_2.txt,0.4034968614578247,0.7004801034927368,1.204864815917972e-06
Output_2.txt,0.5836440920829773,0.6240789294242859,-0.07181724905967712
Output_2.txt,0.6985799074172974,0.5220390558242798,-0.09526748210191727
Output_2.txt,0.7765365242958069,0.42537063360214233,-0.11922448873519897
Output_2.txt,0.8617750406265259,0.36553943157196045,-0.14259421825408936
Output_2.txt,0.5372913479804993,0.4091142416000366,0.005969256162643433
Output_2.txt,0.5818639993667603,0.321308970451355,-0.024142632260918617
Output_2.txt,0.6105151176452637,0.2617179751396179,-0.05610080808401108
Output_2.txt,0.6263653039932251,0.21172727644443512,-0.07981313765048981
Output_2.txt,0.424945205450058,0.39292606711387634,0.00375716807320714
Output_2.txt,0.42983677983283997,0.2681087255477905,-0.012768236920237541
Output_2.txt,0.4394572377204895,0.1923791915178299,-0.030973708257079124
Output_2.txt,0.44212937355041504,0.12138661742210388,-0.04547831788659096
Output_2.txt,0.31874239444732666,0.40285611152648926,-0.016263870522379875
Output_2.txt,0.28029927611351013,0.29072123765945435,-0.0537291094660759
Output_2.txt,0.2667027711868286,0.21442647278308868,-0.08453282713890076
Output_2.txt,0.2550407648086548,0.1465090811252594,-0.10453148186206818
Output_2.txt,0.208590567111969,0.43616485595703125,-0.04536622390151024
Output_2.txt,0.12566930055618286,0.3520549535751343,-0.0894303023815155
Output_20.txt,0.5342808961868286,0.2067890763282776,2.5054177967831492e-06
Output_20.txt,0.38031578063964844,0.35204511880874634,-0.1791723370552063
Output_20.txt,0.32936710119247437,0.5142762064933777,-0.18795043230056763
Output_20.txt,0.2785271406173706,0.6359676718711853,-0.15595021843910217
Output_20.txt,0.25290679931640625,0.7514400482177734,-0.1057417020201683
Output_20.txt,0.6182068586349487,0.6343236565589905,0.040405746549367905
Output_20.txt,0.6332584619522095,0.7946044206619263,0.12455995380878448
Output_20.txt,0.5960856676101685,0.8902081251144409,0.1693335473537445
Output_20.txt,0.5587332248687744,0.94976407289505,0.2016610950231552
Output_20.txt,0.6160045862197876,0.589462399482727,0.18490932881832123
Output_20.txt,0.6348981857299805,0.7448438405990601,0.303538054227829
Output_20.txt,0.5773655772209167,0.8282955288887024,0.3513815402984619
Output_20.txt,0.5320168733596802,0.8703794479370117,0.3828558027744293
Output_20.txt,0.5850797295570374,0.5464733839035034,0.3092544674873352
Output_20.txt,0.5960184335708618,0.6751261949539185,0.42032137513160706
Output_20.txt,0.5439223647117615,0.7495755553245544,0.46035730838775635
Output_20.txt,0.5016792416572571,0.7909454703330994,0.4833604693412781
Output_20.txt,0.5440795421600342,0.5091997981071472,0.41184014081954956
Output_20.txt,0.5254784226417542,0.5991653203964233,0.5021915435791016
Output_21.txt,0.29258257150650024,0.4529617726802826,4.483304110181052e-07
Output_21.txt,0.3885454535484314,0.49869823455810547,-0.027320854365825653
Output_21.txt,0.4964560568332672,0.6196066737174988,-0.03833242133259773
Output_21.txt,0.5824100375175476,0.7051061391830444,-0.051978349685668945
Output_21.txt,0.6599428057670593,0.7502732276916504,-0.06885560601949692
Output_21.txt,0.5208473205566406,0.7683317065238953,-0.025019990280270576
Output_21.txt,0.6130988001823425,0.8934399485588074,-0.06885243207216263
Output_21.txt,0.6945945024490356,0.9495887160301208,-0.10541152209043503
Output_21.txt,0.7683083415031433,0.9907423853874207,-0.13399407267570496
Output_21.txt,0.5300460457801819,0.7633320093154907,-0.04286469891667366
Output_21.txt,0.6367142200469971,0.9100123047828674,-0.08860713243484497
Output_21.txt,0.7334246635437012,0.960628867149353,-0.13269919157028198
Output_21.txt,0.8258379697799683,1.0023541450500488,-0.16539013385772705
Output_21.txt,0.5235740542411804,0.735293984413147,-0.06609579920768738
Output_21.txt,0.6344444155693054,0.8568352460861206,-0.11749724298715591
Output_21.txt,0.7307835817337036,0.8991309404373169,-0.15752792358398438
Output_21.txt,0.818706214427948,0.9238934516906738,-0.1829846352338791
Output_21.txt,0.5068753957748413,0.6786544919013977,-0.09133957326412201
Output_21.txt,0.60191810131073,0.7267857193946838,-0.13969819247722626
Output_22.txt,0.5970450639724731,0.1266757845878601,1.0361725344409933e-06
Output_22.txt,0.3891514837741852,0.18693393468856812,-0.030249986797571182
Output_22.txt,0.2567262649536133,0.27701157331466675,-0.05260709300637245
Output_22.txt,0.18577691912651062,0.37996968626976013,-0.06800632178783417
Output_22.txt,0.14813044667243958,0.46113574504852295,-0.08386504650115967
Output_22.txt,0.4089042842388153,0.4241744577884674,-0.08191599696874619
Output_22.txt,0.3525523841381073,0.5809260606765747,-0.11632434278726578
Output_22.txt,0.3180451989173889,0.6687247157096863,-0.13701193034648895
Output_22.txt,0.28759586811065674,0.7402677536010742,-0.1517779529094696
Output_22.txt,0.5277824997901917,0.44752004742622375,-0.08303605765104294
Output_22.txt,0.469142884016037,0.6179844737052917,-0.11683020740747452
Output_22.txt,0.4305630028247833,0.7167156338691711,-0.14134781062602997
Output_22.txt,0.39642634987831116,0.7895292043685913,-0.16254469752311707
Output_22.txt,0.6325515508651733,0.44471484422683716,-0.0817582830786705
Output_22.txt,0.5919521450996399,0.6070156097412109,-0.11086772382259369
Output_22.txt,0.5621061325073242,0.702141523361206,-0.13713277876377106
Output_22.txt,0.5335667133331299,0.7737031579017639,-0.15956716239452362
Output_22.txt,0.7187554836273193,0.4234541952610016,-0.0800754725933075
Output_22.txt,0.7268332242965698,0.5479056239128113,-0.1117938682436943
Output_23.txt,0.38788899779319763,0.7138184309005737,1.7982831650442677e-06
Output_23.txt,0.2447609007358551,0.575680673122406,-0.1120874211192131
Output_23.txt,0.1764148324728012,0.3994857668876648,-0.11444631218910217
Output_23.txt,0.1517346054315567,0.25063708424568176,-0.10579386353492737
Output_23.txt,0.09326344728469849,0.13072673976421356,-0.09006070345640182
Output_23.txt,0.2556028962135315,0.3427726626396179,0.1260850429534912
Output_23.txt,0.28778016567230225,0.2172929048538208,0.15066246688365936
Output_23.txt,0.34417369961738586,0.15527690947055817,0.12379797548055649
Output_23.txt,0.3887288272380829,0.09061114490032196,0.09242881834506989
Output_23.txt,0.3566216230392456,0.3700803816318512,0.17374630272388458
Output_23.txt,0.3971579074859619,0.2537439465522766,0.20809677243232727
Output_23.txt,0.4549034833908081,0.17511920630931854,0.16468530893325806
Output_23.txt,0.5195068120956421,0.10923653841018677,0.11925998330116272
Output_23.txt,0.42800652980804443,0.41350334882736206,0.19655285775661469
Output_23.txt,0.4673382043838501,0.31212443113327026,0.2255692481994629
Output_23.txt,0.5171849727630615,0.24168428778648376,0.2021966427564621
Output_23.txt,0.5757486820220947,0.1789761483669281,0.17193090915679932
Output_23.txt,0.5015271902084351,0.47136491537094116,0.20313608646392822
Output_23.txt,0.5353620648384094,0.39482876658439636,0.23739202320575714
Output_24.txt,0.7940884828567505,0.4453921914100647,9.78476919044624e-07
Output_24.txt,0.7568661570549011,0.2762435972690582,-0.04300505667924881
Output_24.txt,0.6329582929611206,0.16178438067436218,-0.04294529929757118
Output_24.txt,0.5227798819541931,0.07864807546138763,-0.040881939232349396
Output_24.txt,0.45414939522743225,-0.00978204607963562,-0.03745683655142784
Output_24.txt,0.4481639266014099,0.2785734534263611,0.021870341151952744
Output_24.txt,0.3303903341293335,0.20520074665546417,0.018124494701623917
Output_24.txt,0.25317704677581787,0.15779609978199005,0.004584265872836113
Output_24.txt,0.1847403347492218,0.11720201373100281,-0.010048703290522099
Output_24.txt,0.410819411277771,0.37225833535194397,0.019597964361310005
Output_24.txt,0.2615542411804199,0.32797005772590637,0.01651182770729065
Output_24.txt,0.15963169932365417,0.29531437158584595,-0.0009337593801319599
Output_24.txt,0.07235744595527649,0.2626076936721802,-0.015368943102657795
Output_24.txt,0.4070126414299011,0.46316957473754883,0.00678119994699955
Output_24.txt,0.2621516287326813,0.4280635118484497,-0.012068433687090874
Output_24.txt,0.1654432713985443,0.3842175602912903,-0.03882796689867973
Output_24.txt,0.07562074065208435,0.34630924463272095,-0.057460375130176544
Output_24.txt,0.4297524392604828,0.5579555034637451,-0.011587261222302914
Output_24.txt,0.2953627109527588,0.5284020900726318,-0.04263048619031906
Output_25.txt,0.8516991138458252,-0.001783609390258789,9.66327206697315e-07
Output_25.txt,0.669801652431488,-0.06564778089523315,-0.05871758982539177
Output_25.txt,0.5046630501747131,-0.005338221788406372,-0.096202552318573
Output_25.txt,0.3855615258216858,0.09882001578807831,-0.12761515378952026
Output_25.txt,0.2872045636177063,0.20157402753829956,-0.164963498711586
Output_25.txt,0.4857115149497986,0.14014041423797607,-0.12179768085479736
Output_25.txt,0.34619051218032837,0.3056866526603699,-0.1968361735343933
Output_25.txt,0.26270490884780884,0.4246879816055298,-0.24405574798583984
Output_25.txt,0.18917608261108398,0.5290929079055786,-0.2770426273345947
Output_25.txt,0.5561399459838867,0.26469987630844116,-0.13557089865207672
Output_25.txt,0.40609246492385864,0.45105093717575073,-0.21151740849018097
Output_25.txt,0.30233192443847656,0.5769122838973999,-0.26258447766304016
Output_25.txt,0.20790258049964905,0.6765748262405396,-0.2983711063861847
Output_25.txt,0.6516547203063965,0.35888007283210754,-0.15251435339450836
Output_25.txt,0.5114888548851013,0.5413343906402588,-0.2259151041507721
Output_25.txt,0.4027429223060608,0.6515049934387207,-0.26895764470100403
Output_25.txt,0.30210673809051514,0.7357717752456665,-0.29580190777778625
Output_25.txt,0.759994626045227,0.4258795976638794,-0.1712689846754074
Output_25.txt,0.6547144651412964,0.5774849057197571,-0.24023817479610443
Output_26.txt,0.5355883240699768,0.038223981857299805,1.3139086831870372e-06
Output_26.txt,0.3694729804992676,0.10613042116165161,-0.1916493922472
Output_26.txt,0.27302873134613037,0.2303750067949295,-0.29178932309150696
Output_26.txt,0.21900790929794312,0.3655190169811249,-0.3674139976501465
Output_26.txt,0.1426621973514557,0.48737406730651855,-0.4436168968677521
Output_26.txt,0.4492717385292053,0.4242328405380249,-0.2236754447221756
Output_26.txt,0.4731377959251404,0.605442225933075,-0.3324987292289734
Output_26.txt,0.5025425553321838,0.72266685962677,-0.4150564670562744
Output_26.txt,0.5399203300476074,0.8283796906471252,-0.4777417778968811
Output_26.txt,0.5841551423072815,0.42062145471572876,-0.1864260882139206
Output_26.txt,0.7037822604179382,0.5773247480392456,-0.29898354411125183
Output_26.txt,0.8046746850013733,0.6784602999687195,-0.3888860046863556
Output_26.txt,0.9010447859764099,0.7718489170074463,-0.45379528403282166
Output_26.txt,0.6860364675521851,0.3822837173938751,-0.1626470685005188
Output_26.txt,0.8006041049957275,0.5148283243179321,-0.27016475796699524
Output_26.txt,0.903061032295227,0.6007959842681885,-0.3446532189846039
Output_26.txt,0.9977187514305115,0.6776589751243591,-0.3943362534046173
Output_26.txt,0.7547988295555115,0.3223513960838318,-0.15303151309490204
Output_26.txt,0.870563268661499,0.413036048412323,-0.24916107952594757
Output_27.txt,0.06274190545082092,0.6413177847862244,1.280246692658693e-06
Output_27.txt,0.11458170413970947,0.45167094469070435,-0.09439507871866226
Output_27.txt,0.24090631306171417,0.31292808055877686,-0.14028120040893555
Output_27.txt,0.3524443805217743,0.20409998297691345,-0.17672505974769592
Output_27.txt,0.43145883083343506,0.08234521746635437,-0.21247856318950653
Output_27.txt,0.4711095094680786,0.45931029319763184,-0.06655290722846985
Output_27.txt,0.640466034412384,0.46389734745025635,-0.12524957954883575
Output_27.txt,0.746987521648407,0.48784470558166504,-0.17826129496097565
Output_27.txt,0.8454618453979492,0.5225911736488342,-0.21764598786830902
Output_27.txt,0.4846958518028259,0.579739511013031,-0.06189136952161789
Output_27.txt,0.6661998629570007,0.6129515767097473,-0.111207976937294
Output_27.txt,0.7795305848121643,0.6528533697128296,-0.15748541057109833
Output_27.txt,0.8829926252365112,0.6962504386901855,-0.19331355392932892
Output_27.txt,0.46151962876319885,0.6839871406555176,-0.07106713205575943
Output_27.txt,0.6269069910049438,0.7252274751663208,-0.12469975650310516
Output_27.txt,0.7381705045700073,0.7618849277496338,-0.16090843081474304
Output_27.txt,0.8382089138031006,0.7981927394866943,-0.18644224107265472
Output_27.txt,0.4134520888328552,0.7830923199653625,-0.08972127735614777
Output_27.txt,0.5428876280784607,0.8205341100692749,-0.1385652720928192
Output_28.txt,0.5355883240699768,0.038223981857299805,1.3139086831870372e-06
Output_28.txt,0.3694729804992676,0.10613042116165161,-0.1916493922472
Output_28.txt,0.27302873134613037,0.2303750067949295,-0.29178932309150696
Output_28.txt,0.21900790929794312,0.3655190169811249,-0.3674139976501465
Output_28.txt,0.1426621973514557,0.48737406730651855,-0.4436168968677521
Output_28.txt,0.4492717385292053,0.4242328405380249,-0.2236754447221756
Output_28.txt,0.4731377959251404,0.605442225933075,-0.3324987292289734
Output_28.txt,0.5025425553321838,0.72266685962677,-0.4150564670562744
Output_28.txt,0.5399203300476074,0.8283796906471252,-0.4777417778968811
Output_28.txt,0.5841551423072815,0.42062145471572876,-0.1864260882139206
Output_28.txt,0.7037822604179382,0.5773247480392456,-0.29898354411125183
Output_28.txt,0.8046746850013733,0.6784602999687195,-0.3888860046863556
Output_28.txt,0.9010447859764099,0.7718489170074463,-0.45379528403282166
Output_28.txt,0.6860364675521851,0.3822837173938751,-0.1626470685005188
Output_28.txt,0.8006041049957275,0.5148283243179321,-0.27016475796699524
Output_28.txt,0.903061032295227,0.6007959842681885,-0.3446532189846039
Output_28.txt,0.9977187514305115,0.6776589751243591,-0.3943362534046173
Output_28.txt,0.7547988295555115,0.3223513960838318,-0.15303151309490204
Output_28.txt,0.870563268661499,0.413036048412323,-0.24916107952594757
Output_29.txt,0.8916772603988647,0.5180752277374268,4.904298407382157e-07
Output_29.txt,0.8404431343078613,0.2994462549686432,-0.052268702536821365
Output_29.txt,0.696487545967102,0.16229435801506042,-0.045304540544748306
Output_29.txt,0.5638048052787781,0.11141134798526764,-0.0348830483853817
Output_29.txt,0.47811686992645264,0.05197954177856445,-0.022857293486595154
Output_29.txt,0.5231349468231201,0.2964179813861847,0.0174556951969862
Output_29.txt,0.3758840560913086,0.25693872570991516,0.007822571322321892
Output_29.txt,0.2847934067249298,0.24295760691165924,-0.011885399930179119
Output_29.txt,0.2032526433467865,0.23556889593601227,-0.031420886516571045
Output_29.txt,0.5038535594940186,0.403135746717453,0.027365634217858315
Output_29.txt,0.3516455292701721,0.3976190984249115,0.01760227419435978
Output_29.txt,0.25495749711990356,0.4049108922481537,-0.010752573609352112
Output_29.txt,0.17429831624031067,0.418245404958725,-0.03440907225012779
Output_29.txt,0.513306200504303,0.5041218996047974,0.026781538501381874
Output_29.txt,0.37328019738197327,0.5187087059020996,0.007917809300124645
Output_29.txt,0.288857102394104,0.528124213218689,-0.02356695756316185
Output_29.txt,0.21452298760414124,0.5399634838104248,-0.04733467847108841
Output_29.txt,0.5449180006980896,0.6088073253631592,0.019859256222844124
Output_29.txt,0.4381072223186493,0.634440541267395,-0.004944726824760437
Output_3.txt,0.5162675976753235,0.26474374532699585,7.96092592736386e-07
Output_3.txt,0.6609333157539368,0.32878419756889343,-0.06813779473304749
Output_3.txt,0.7477397918701172,0.45389389991760254,-0.10255840420722961
Output_3.txt,0.7893601655960083,0.5611656904220581,-0.13235118985176086
Output_3.txt,0.8671528697013855,0.6214611530303955,-0.16518573462963104
Output_3.txt,0.5985142588615417,0.6076403856277466,-0.06321645528078079
Output_3.txt,0.5946247577667236,0.7436659932136536,-0.12037836760282516
Output_3.txt,0.5873104929924011,0.8313585519790649,-0.1727772206068039
Output_3.txt,0.5740593671798706,0.9088618755340576,-0.21431268751621246
Output_3.txt,0.48908740282058716,0.6094703674316406,-0.07575047016143799
Output_3.txt,0.469174325466156,0.7580551505088806,-0.13004547357559204
Output_3.txt,0.4558369815349579,0.8604163527488708,-0.18546968698501587
Output_3.txt,0.4425320625305176,0.9514001607894897,-0.22781221568584442
Output_3.txt,0.3929886817932129,0.580339252948761,-0.09727047383785248
Output_3.txt,0.3617888391017914,0.71942138671875,-0.1576915979385376
Output_3.txt,0.34475618600845337,0.8152174949645996,-0.20734380185604095
Output_3.txt,0.3341098427772522,0.9007642269134521,-0.24320633709430695
Output_3.txt,0.30581700801849365,0.5267656445503235,-0.12446153163909912
Output_3.txt,0.25374701619148254,0.621982216835022,-0.18226931989192963
Output_30.txt,0.16700729727745056,0.46062180399894714,1.514810179514825e-07
Output_30.txt,0.25689801573753357,0.6680015921592712,0.0333653949201107
Output_30.txt,0.39364781975746155,0.7314684987068176,0.04322940483689308
Output_30.txt,0.5226706266403198,0.6934617757797241,0.0505305677652359
Output_30.txt,0.6016057133674622,0.6370296478271484,0.05131049454212189
Output_30.txt,0.4418846368789673,0.712319552898407,-0.04709319770336151
Output_30.txt,0.634161114692688,0.7024308443069458,-0.06617546826601028
Output_30.txt,0.730895459651947,0.6670543551445007,-0.0635034441947937
Output_30.txt,0.7971311211585999,0.6271166801452637,-0.05847669020295143
Output_30.txt,0.4489046037197113,0.5838411450386047,-0.0729641392827034
Output_30.txt,0.6690536141395569,0.5859998464584351,-0.09717116504907608
Output_30.txt,0.7855215668678284,0.5589181184768677,-0.09801729023456573
Output_30.txt,0.8636474609375,0.5344622731208801,-0.09629438072443008
Output_30.txt,0.44519543647766113,0.4544354975223541,-0.09189722687005997
Output_30.txt,0.6523792743682861,0.46279656887054443,-0.11463724821805954
Output_30.txt,0.7697004675865173,0.4513576030731201,-0.12605753540992737
Output_30.txt,0.8546222448348999,0.4389198124408722,-0.13267262279987335
Output_30.txt,0.4317174553871155,0.33061033487319946,-0.10356142371892929
Output_30.txt,0.5977117419242859,0.31552770733833313,-0.128864124417305
Output_31.txt,0.3901658058166504,0.12385571002960205,3.150912107230397e-06
Output_31.txt,0.6083011031150818,0.22855621576309204,-0.14210931956768036
Output_31.txt,0.7204022407531738,0.3265478014945984,-0.276136577129364
Output_31.txt,0.7951198816299438,0.44046565890312195,-0.36803075671195984
Output_31.txt,0.889848530292511,0.5543752908706665,-0.46111512184143066
Output_31.txt,0.4699450731277466,0.44478052854537964,-0.4355356693267822
Output_31.txt,0.43157926201820374,0.6532792448997498,-0.5683903694152832
Output_31.txt,0.41279783844947815,0.7846873998641968,-0.6235382556915283
Output_31.txt,0.38357704877853394,0.894014835357666,-0.6466946601867676
Output_31.txt,0.31135231256484985,0.44284388422966003,-0.38014650344848633
Output_31.txt,0.27648594975471497,0.6615065932273865,-0.5455058813095093
Output_31.txt,0.25720059871673584,0.8221482038497925,-0.6087037324905396
Output_31.txt,0.22418317198753357,0.9398247003555298,-0.6453932523727417
Output_31.txt,0.19121018052101135,0.41683873534202576,-0.30476728081703186
Output_31.txt,0.11450552940368652,0.593795657157898,-0.4361002743244171
Output_31.txt,0.07877087593078613,0.7425699234008789,-0.4786539375782013
Output_31.txt,0.040678828954696655,0.8507401943206787,-0.49413496255874634
Output_31.txt,0.11546966433525085,0.38664811849594116,-0.2250635176897049
Output_31.txt,0.0317094624042511,0.523583173751831,-0.30530622601509094
Output_32.txt,0.29005759954452515,0.5384551286697388,1.088607632482308e-06
Output_32.txt,0.38200172781944275,0.7230483293533325,-0.010633382014930248
Output_32.txt,0.5204634666442871,0.8038241267204285,-0.00652070390060544
Output_32.txt,0.6267210841178894,0.857227623462677,-0.012876189313828945
Output_32.txt,0.7268028855323792,0.9017090797424316,-0.021443981677293777
Output_32.txt,0.7154019474983215,0.6412565112113953,0.06828249245882034
Output_32.txt,0.8594847321510315,0.6786681413650513,0.044692736119031906
Output_32.txt,0.9591351747512817,0.7165970802307129,0.007171522825956345
Output_32.txt,1.0446500778198242,0.7530590295791626,-0.0232290830463171
Output_32.txt,0.7302289009094238,0.5487529635429382,0.038469258695840836
Output_32.txt,0.8900740742683411,0.5797474980354309,0.01890798844397068
Output_32.txt,1.0019943714141846,0.6148937344551086,-0.02377675473690033
Output_32.txt,1.0927034616470337,0.6527496576309204,-0.05766905099153519
Output_32.txt,0.7141042351722717,0.4526759684085846,-0.0022525491658598185
Output_32.txt,0.8735204935073853,0.46266984939575195,-0.03050336427986622
Output_32.txt,0.98014235496521,0.4982095956802368,-0.06336449831724167
Output_32.txt,1.069960594177246,0.5408358573913574,-0.08770491927862167
Output_32.txt,0.6701813340187073,0.3537459075450897,-0.04723011329770088
Output_32.txt,0.8074843883514404,0.34761589765548706,-0.07910650223493576
Output_33.txt,0.36047428846359253,0.2656218111515045,6.688378562103026e-07
Output_33.txt,0.4908084273338318,0.29072105884552,-0.06171384081244469
Output_33.txt,0.5609151124954224,0.3587260842323303,-0.10469077527523041
Output_33.txt,0.5817603468894958,0.4455658197402954,-0.12790071964263916
Output_33.txt,0.5958290100097656,0.5145435929298401,-0.14668771624565125
Output_33.txt,0.44118013978004456,0.3766680061817169,-0.17971567809581757
Output_33.txt,0.49465298652648926,0.5100071430206299,-0.22294864058494568
Output_33.txt,0.5209285616874695,0.5780766606330872,-0.22522740066051483
Output_33.txt,0.5381394028663635,0.6306150555610657,-0.2183905392885208
Output_33.txt,0.3493752181529999,0.39725467562675476,-0.15721625089645386
Output_33.txt,0.39168447256088257,0.5492434501647949,-0.20109450817108154
Output_33.txt,0.4270440340042114,0.6281267404556274,-0.19156739115715027
Output_33.txt,0.4513227641582489,0.6812062859535217,-0.17836640775203705
Output_33.txt,0.2859550714492798,0.41377970576286316,-0.12943385541439056
Output_33.txt,0.33176711201667786,0.5521595478057861,-0.16185899078845978
Output_33.txt,0.3861857056617737,0.6015463471412659,-0.14191478490829468
Output_33.txt,0.42577147483825684,0.6216853857040405,-0.11807993054389954
Output_33.txt,0.25053855776786804,0.4261500835418701,-0.10372482985258102
Output_33.txt,0.2882938086986542,0.5376883745193481,-0.12223277986049652
Output_34.txt,0.30063319206237793,0.4817286729812622,9.110530641009973e-07
Output_34.txt,0.3327023684978485,0.611906111240387,-0.07065747678279877
Output_34.txt,0.40943509340286255,0.7081257700920105,-0.10576876997947693
Output_34.txt,0.4824731945991516,0.7881235480308533,-0.13249152898788452
Output_34.txt,0.5057506561279297,0.8877841830253601,-0.16030444204807281
Output_34.txt,0.5485776662826538,0.611049234867096,-0.07666901499032974
Output_34.txt,0.6572951078414917,0.6337741017341614,-0.11888471990823746
Output_34.txt,0.7318381667137146,0.6374304294586182,-0.15271343290805817
Output_34.txt,0.7967231273651123,0.6345155239105225,-0.17858287692070007
Output_34.txt,0.5629860758781433,0.5198970437049866,-0.06790050119161606
Output_34.txt,0.6838473081588745,0.5120211243629456,-0.10898984968662262
Output_34.txt,0.7656660079956055,0.5053598284721375,-0.14247086644172668
Output_34.txt,0.8359524607658386,0.49413949251174927,-0.1657271683216095
Output_34.txt,0.5515833497047424,0.43628445267677307,-0.06521698087453842
Output_34.txt,0.6632007956504822,0.4063205122947693,-0.10521750152111053
Output_34.txt,0.7358658313751221,0.38867396116256714,-0.1358688622713089
Output_34.txt,0.7983881235122681,0.37303656339645386,-0.15500114858150482
Output_34.txt,0.5201006531715393,0.3639565408229828,-0.06829873472452164
Output_34.txt,0.6030203700065613,0.31996744871139526,-0.1053917333483696
Output_35.txt,0.2142295241355896,0.9557207822799683,9.843456609814893e-07
Output_35.txt,0.15341445803642273,0.718786358833313,-0.0923611968755722
Output_35.txt,0.18538400530815125,0.5119323134422302,-0.1293133795261383
Output_35.txt,0.2644112706184387,0.36383718252182007,-0.15862536430358887
Output_35.txt,0.31146666407585144,0.21503183245658875,-0.1899804025888443
Output_35.txt,0.39124614000320435,0.4839804172515869,-0.04862504452466965
Output_35.txt,0.5067980289459229,0.3248726427555084,-0.09014330804347992
Output_35.txt,0.5807409882545471,0.227507084608078,-0.13363094627857208
Output_35.txt,0.646467387676239,0.14387661218643188,-0.16952770948410034
Output_35.txt,0.4656127691268921,0.586303174495697,-0.043819528073072433
Output_35.txt,0.6336570382118225,0.44845107197761536,-0.08237650990486145
Output_35.txt,0.7386176586151123,0.35803699493408203,-0.13665780425071716
Output_35.txt,0.8255085945129395,0.28227704763412476,-0.18184728920459747
Output_35.txt,0.501449704170227,0.6954892873764038,-0.053165532648563385
Output_35.txt,0.668527364730835,0.5978195667266846,-0.10335737466812134
Output_35.txt,0.7717913389205933,0.5235480070114136,-0.1643170714378357
Output_35.txt,0.8560462594032288,0.4590502083301544,-0.20939813554286957
Output_35.txt,0.5167672038078308,0.8218502998352051,-0.07026240229606628
Output_35.txt,0.6506356000900269,0.7638377547264099,-0.11966576427221298
Output_36.txt,0.30285462737083435,0.48967164754867554,1.0691441048038541e-06
Output_36.txt,0.3394862115383148,0.6237448453903198,-0.09252531081438065
Output_36.txt,0.4176037311553955,0.7156530618667603,-0.13717973232269287
Output_36.txt,0.48800933361053467,0.7948924899101257,-0.16866689920425415
Output_36.txt,0.5136542916297913,0.8962528705596924,-0.2013474553823471
Output_36.txt,0.5554490685462952,0.6228479743003845,-0.10294142365455627
Output_36.txt,0.666650116443634,0.640160083770752,-0.14946146309375763
Output_36.txt,0.7434221506118774,0.6438995599746704,-0.1859361082315445
Output_36.txt,0.8076207637786865,0.6424220204353333,-0.2132260799407959
Output_36.txt,0.5684948563575745,0.529633104801178,-0.08373907208442688
Output_36.txt,0.6951957941055298,0.5183655619621277,-0.1284114271402359
Output_36.txt,0.7795405387878418,0.5113884210586548,-0.16314290463924408
Output_36.txt,0.8460366725921631,0.5017729997634888,-0.1877976953983307
Output_36.txt,0.5540562868118286,0.4435745179653168,-0.07236120104789734
Output_36.txt,0.6676968336105347,0.4109429717063904,-0.11654992401599884
Output_36.txt,0.743431568145752,0.3926020860671997,-0.15255892276763916
Output_36.txt,0.8044081330299377,0.37830597162246704,-0.17599272727966309
Output_36.txt,0.5236097574234009,0.36824190616607666,-0.068246990442276
Output_36.txt,0.6092643141746521,0.3264309763908386,-0.1092788577079773
Output_37.txt,0.3902660608291626,0.5183175802230835,3.772795764689363e-07
Output_37.txt,0.42419126629829407,0.4086381494998932,-0.005790530703961849
Output_37.txt,0.477777898311615,0.3509451150894165,-0.014764009043574333
Output_37.txt,0.5429241061210632,0.3268362581729889,-0.020990043878555298
Output_37.txt,0.5936341881752014,0.29944759607315063,-0.02768571674823761
Output_37.txt,0.548803985118866,0.4138320982456207,-0.03835715353488922
Output_37.txt,0.6488756537437439,0.3873271048069,-0.05676637217402458
Output_37.txt,0.7037476301193237,0.3751664161682129,-0.06384766846895218
Output_37.txt,0.747988224029541,0.36954328417778015,-0.0660790428519249
Output_37.txt,0.5599517226219177,0.48527857661247253,-0.04123975709080696
Output_37.txt,0.6673482656478882,0.4587569236755371,-0.060206834226846695
Output_37.txt,0.7319737076759338,0.44757387042045593,-0.06727931648492813
Output_37.txt,0.7804728150367737,0.4442308843135834,-0.07006547600030899
Output_37.txt,0.5535125136375427,0.551135241985321,-0.04213392734527588
Output_37.txt,0.6480159759521484,0.545231282711029,-0.05849795043468475
Output_37.txt,0.7083332538604736,0.5471541881561279,-0.06451274454593658
Output_37.txt,0.7526623010635376,0.5515050888061523,-0.06602760404348373
Output_37.txt,0.5367234349250793,0.6069430112838745,-0.04161469638347626
Output_37.txt,0.6116340756416321,0.6178222298622131,-0.051021259278059006
Output_38.txt,0.38824427127838135,-0.06026139855384827,1.0102277201440302e-06
Output_38.txt,0.6303122043609619,0.029843956232070923,-0.07044952362775803
Output_38.txt,0.7577681541442871,0.18665404617786407,-0.07070516794919968
Output_38.txt,0.7924477458000183,0.3393285870552063,-0.06797385215759277
Output_38.txt,0.8535446524620056,0.4554682970046997,-0.05895839259028435
Output_38.txt,0.6123306751251221,0.3720768690109253,0.0756305381655693
Output_38.txt,0.6593718528747559,0.5288076996803284,0.0707944855093956
Output_38.txt,0.6717638373374939,0.6169065237045288,0.04468952491879463
Output_38.txt,0.676180899143219,0.6966007351875305,0.019392531365156174
Output_38.txt,0.46097883582115173,0.3868756890296936,0.07502052932977676
Output_38.txt,0.4659632444381714,0.5664287805557251,0.0757279247045517
Output_38.txt,0.4577077627182007,0.6711879968643188,0.03950672596693039
Output_38.txt,0.4505707025527954,0.7595911026000977,0.007455197162926197
Output_38.txt,0.3374937176704407,0.3624230623245239,0.05358441174030304
Output_38.txt,0.30024492740631104,0.5312809944152832,0.02361806482076645
Output_38.txt,0.2766285240650177,0.6332602500915527,-0.011236644349992275
Output_38.txt,0.25730180740356445,0.721653401851654,-0.03663598373532295
Output_38.txt,0.21177005767822266,0.31782305240631104,0.02353440597653389
Output_38.txt,0.16404539346694946,0.4554334282875061,-0.009778523817658424
Output_39.txt,0.2663499712944031,0.5062993764877319,1.189289150715922e-06
Output_39.txt,0.3333752751350403,0.6620947122573853,-0.08483561128377914
Output_39.txt,0.4356861114501953,0.7181766033172607,-0.1280873715877533
Output_39.txt,0.5566590428352356,0.7278323173522949,-0.15246106684207916
Output_39.txt,0.6553901433944702,0.7526370882987976,-0.17551197111606598
Output_39.txt,0.5587502121925354,0.5679253339767456,-0.1344497799873352
Output_39.txt,0.7308493852615356,0.5771183371543884,-0.17155995965003967
Output_39.txt,0.8338001370429993,0.5754538178443909,-0.18981757760047913
Output_39.txt,0.9148077964782715,0.5718783140182495,-0.20117388665676117
Output_39.txt,0.5561941862106323,0.4549795091152191,-0.10323534160852432
Output_39.txt,0.7318730354309082,0.44566109776496887,-0.1407029926776886
Output_39.txt,0.8446227312088013,0.430441677570343,-0.16261011362075806
Output_39.txt,0.928683876991272,0.41525352001190186,-0.17767038941383362
Output_39.txt,0.5303853154182434,0.3744218349456787,-0.07252603024244308
Output_39.txt,0.6802752017974854,0.34707680344581604,-0.10340387374162674
Output_39.txt,0.7780417799949646,0.32518264651298523,-0.12902410328388214
Output_39.txt,0.8515837788581848,0.3088955879211426,-0.1476973593235016
Output_39.txt,0.49242573976516724,0.3217323422431946,-0.04602452740073204
Output_39.txt,0.581365704536438,0.25245988368988037,-0.07929939776659012
Output_4.txt,0.24238646030426025,0.674714982509613,1.2251833823029301e-06
Output_4.txt,0.3270840644836426,0.8487439155578613,-0.05664793401956558
Output_4.txt,0.4398139417171478,0.975900411605835,-0.0834452211856842
Output_4.txt,0.512536883354187,1.0895986557006836,-0.11231546103954315
Output_4.txt,0.5596907734870911,1.1885507106781006,-0.14226242899894714
Output_4.txt,0.646782636642456,0.8056480884552002,-0.010639342479407787
Output_4.txt,0.7846863269805908,0.8534085154533386,-0.05938432738184929
Output_4.txt,0.8582860827445984,0.9019065499305725,-0.10836700350046158
Output_4.txt,0.913881778717041,0.9502544403076172,-0.1421908140182495
Output_4.txt,0.6576395034790039,0.6884670257568359,-0.02281084470450878
Output_4.txt,0.833102285861969,0.6985101699829102,-0.06214024871587753
Output_4.txt,0.9443329572677612,0.7248227596282959,-0.10657307505607605
Output_4.txt,1.0318808555603027,0.7555774450302124,-0.13908889889717102
Output_4.txt,0.6303960084915161,0.5798725485801697,-0.04852732643485069
Output_4.txt,0.7999427318572998,0.5618971586227417,-0.09437703341245651
Output_4.txt,0.9105165004730225,0.5685873031616211,-0.1376575231552124
Output_4.txt,1.0038819313049316,0.5833413600921631,-0.16517433524131775
Output_4.txt,0.5734218955039978,0.4689124822616577,-0.08103276789188385
Output_4.txt,0.7097930908203125,0.42236584424972534,-0.12374509871006012
Output_40.txt,0.6331143379211426,-0.00043973326683044434,2.1300294861248403e-07
Output_40.txt,0.7692370414733887,0.14391055703163147,0.0032863395754247904
Output_40.txt,0.7942831516265869,0.3101455867290497,0.019143085926771164
Output_40.txt,0.7571845054626465,0.46006497740745544,0.043467409908771515
Output_40.txt,0.7418022751808167,0.5832770466804504,0.07800187170505524
Output_40.txt,0.6275879144668579,0.4606134593486786,0.0014719151658937335
Output_40.txt,0.604325532913208,0.6836161017417908,0.030895119532942772
Output_40.txt,0.5993980169296265,0.7611044645309448,0.07302021235227585
Output_40.txt,0.5948277115821838,0.7881529331207275,0.10747381299734116
Output_40.txt,0.523065984249115,0.4297592043876648,0.012738791294395924
Output_40.txt,0.48626041412353516,0.67939293384552,0.019687475636601448
Output_40.txt,0.4765012562274933,0.7952946424484253,0.04673513397574425
Output_40.txt,0.47256672382354736,0.8593659400939941,0.0764622688293457
Output_40.txt,0.4576717019081116,0.37047603726387024,0.027356188744306564
Output_40.txt,0.3967326283454895,0.5663720965385437,0.02983291819691658
Output_40.txt,0.37832239270210266,0.6829787492752075,0.04721369221806526
Output_40.txt,0.37230128049850464,0.761013388633728,0.06972856819629669
Output_40.txt,0.42275339365005493,0.29099196195602417,0.04537447541952133
Output_40.txt,0.37252190709114075,0.435950368642807,0.0663008764386177
Output_41.txt,0.3582991659641266,0.46375522017478943,6.797963578719646e-07
Output_41.txt,0.4234376549720764,0.5834469199180603,-0.007965837605297565
Output_41.txt,0.4917469918727875,0.6679527163505554,-0.03212747722864151
Output_41.txt,0.5356542468070984,0.7519170641899109,-0.05343830958008766
Output_41.txt,0.555911660194397,0.8299827575683594,-0.07939169555902481
Output_41.txt,0.5556538105010986,0.5924934148788452,-0.08847504109144211
Output_41.txt,0.6863165497779846,0.6038155555725098,-0.12062747776508331
Output_41.txt,0.763508677482605,0.5952049493789673,-0.13240298628807068
Output_41.txt,0.8187816143035889,0.5869458317756653,-0.13828209042549133
Output_41.txt,0.5608159899711609,0.49462470412254333,-0.09956172108650208
Output_41.txt,0.7089234590530396,0.491965115070343,-0.13068565726280212
Output_41.txt,0.7972209453582764,0.48491933941841125,-0.14211711287498474
Output_41.txt,0.8573791980743408,0.48315465450286865,-0.14968249201774597
Output_41.txt,0.5523046851158142,0.4047960042953491,-0.10535962879657745
Output_41.txt,0.6849499940872192,0.39583683013916016,-0.12822167575359344
Output_41.txt,0.765177845954895,0.39842304587364197,-0.1404627561569214
Output_41.txt,0.8185479640960693,0.40968576073646545,-0.14951802790164948
Output_41.txt,0.5328747034072876,0.3309994637966156,-0.10910411924123764
Output_41.txt,0.6277122497558594,0.2834266126155853,-0.13045580685138702
Output_42.txt,0.30138567090034485,0.557976484298706,5.445303372653143e-07
Output_42.txt,0.3658064603805542,0.6797849535942078,0.007807892747223377
Output_42.txt,0.4515310525894165,0.7298759818077087,0.015952972695231438
Output_42.txt,0.5233187675476074,0.771934449672699,0.022873925045132637
Output_42.txt,0.5577487945556641,0.828281044960022,0.028539685532450676
Output_42.txt,0.5587998628616333,0.6331562399864197,-0.006847885902971029
Output_42.txt,0.678677499294281,0.6475735902786255,-0.01624928042292595
Output_42.txt,0.7488363981246948,0.6471315622329712,-0.019124850630760193
Output_42.txt,0.8018530011177063,0.6459963321685791,-0.021525224670767784
Output_42.txt,0.5604221224784851,0.5409313440322876,-0.017836475744843483
Output_42.txt,0.6945229172706604,0.5053923726081848,-0.03528452292084694
Output_42.txt,0.7716434001922607,0.4828786253929138,-0.04460064694285393
Output_42.txt,0.8292835354804993,0.4647159278392792,-0.0476381778717041
Output_42.txt,0.537442147731781,0.46448978781700134,-0.02703946642577648
Output_42.txt,0.650826096534729,0.4016677737236023,-0.044944487512111664
Output_42.txt,0.7210208177566528,0.36176565289497375,-0.059365302324295044
Output_42.txt,0.7772072553634644,0.33161765336990356,-0.06669680029153824
Output_42.txt,0.4964997470378876,0.4106931984424591,-0.03399807959794998
Output_42.txt,0.5685145258903503,0.35395029187202454,-0.0502612441778183
Output_43.txt,0.303187757730484,0.47034981846809387,1.1585536867642077e-06
Output_43.txt,0.3382163643836975,0.6095914840698242,-0.09079553186893463
Output_43.txt,0.40818285942077637,0.7032825946807861,-0.13720270991325378
Output_43.txt,0.47504281997680664,0.7815139889717102,-0.17246732115745544
Output_43.txt,0.5031850337982178,0.8872036933898926,-0.208649680018425
Output_43.txt,0.552121639251709,0.6114987730979919,-0.09203367680311203
Output_43.txt,0.6610119342803955,0.6362985968589783,-0.1376459002494812
Output_43.txt,0.7368201613426208,0.6405729055404663,-0.17429174482822418
Output_43.txt,0.8008571863174438,0.6361005902290344,-0.20213334262371063
Output_43.txt,0.5653005242347717,0.5194457173347473,-0.07669858634471893
Output_43.txt,0.690484881401062,0.5109823942184448,-0.11973194777965546
Output_43.txt,0.7730200290679932,0.5048708915710449,-0.15554647147655487
Output_43.txt,0.8412003517150879,0.4928519129753113,-0.18117031455039978
Output_43.txt,0.5527100563049316,0.4327697455883026,-0.06996868550777435
Output_43.txt,0.6658514738082886,0.4039120674133301,-0.11393701285123825
Output_43.txt,0.7393143773078918,0.385725200176239,-0.15056918561458588
Output_43.txt,0.8014444708824158,0.3699336051940918,-0.17463967204093933
Output_43.txt,0.524571418762207,0.35634660720825195,-0.07070424407720566
Output_43.txt,0.6064438819885254,0.31624335050582886,-0.11214469373226166
Output 44.txt,0.7433844804763794,-0.08612112700939178,1.8786849853569265e-09
Output 44.txt,0.5959681272506714,-0.057320818305015564,-0.03800242766737938
Output 44.txt,0.4518128037452698,0.003114059567451477,-0.05817379802465439
Output 44.txt,0.3240925669670105,0.04563876986503601,-0.0778333991765976
Output 44.txt,0.2305404096841812,0.07655707001686096,-0.10145867615938187
Output 44.txt,0.4815385937690735,0.21206586062908173,-0.04390505328774452
Output 44.txt,0.43529877066612244,0.4077356457710266,-0.07757041603326797
Output 44.txt,0.4214668869972229,0.5296199917793274,-0.111567921936512
Output 44.txt,0.40930917859077454,0.6381446123123169,-0.1400216668844223
Output 44.txt,0.5738952159881592,0.2556906044483185,-0.054404117166996
Output 44.txt,0.5497455596923828,0.47806504368782043,-0.08802539855241776
Output 44.txt,0.5362513661384583,0.6152803897857666,-0.13337425887584686
Output 44.txt,0.5266055464744568,0.7346471548080444,-0.17361818253993988
Output 44.txt,0.6662904620170593,0.26383310556411743,-0.0682254508137703
Output 44.txt,0.6682651042938232,0.47357064485549927,-0.10748428106307983
Output 44.txt,0.6635832786560059,0.6109433174133301,-0.14797554910182953
Output 44.txt,0.6637483835220337,0.7286397814750671,-0.18022842705249786
Output 44.txt,0.753780722618103,0.2473057210445404,-0.08469884097576141
Output 44.txt,0.7642592787742615,0.412061870098114,-0.12186682969331741
Output_45.txt,0.4250965416431427,0.4661146402359009,9.544340855427436e-07
Output_45.txt,0.46429821848869324,0.6075066328048706,-0.049754753708839417
Output_45.txt,0.5064630508422852,0.6971697807312012,-0.08815085142850876
Output_45.txt,0.557453989982605,0.7783098220825195,-0.11804333329200745
Output_45.txt,0.5937795639038086,0.8563995957374573,-0.14859476685523987
Output_45.txt,0.6397448182106018,0.5845739841461182,-0.09630509465932846
Output_45.txt,0.7520642876625061,0.6238969564437866,-0.13069848716259003
Output_45.txt,0.8254392743110657,0.637299120426178,-0.15162627398967743
Output_45.txt,0.8871525526046753,0.6436420679092407,-0.16719040274620056
Output_45.txt,0.650801956653595,0.4887896776199341,-0.08853050321340561
Output_45.txt,0.7743126749992371,0.49639052152633667,-0.12426874786615372
Output_45.txt,0.8604363799095154,0.4963782727718353,-0.14753401279449463
Output_45.txt,0.9277613162994385,0.4930192530155182,-0.16548115015029907
Output_45.txt,0.6373242735862732,0.4073669910430908,-0.08046680688858032
Output_45.txt,0.7476389408111572,0.38652318716049194,-0.1124635636806488
Output_45.txt,0.8231472969055176,0.37627100944519043,-0.1368480622768402
Output_45.txt,0.8822417855262756,0.37041252851486206,-0.15450212359428406
Output_45.txt,0.6110701560974121,0.3497718572616577,-0.07427234202623367
Output_45.txt,0.6870707869529724,0.2931264042854309,-0.10753197968006134
Output_46.txt,0.3635057210922241,0.5805612802505493,9.860509635473136e-07
Output_46.txt,0.4197620749473572,0.4599447250366211,-0.07614196091890335
Output_46.txt,0.5142714977264404,0.38759294152259827,-0.10446424782276154
Output_46.txt,0.6058006882667542,0.3624957799911499,-0.12319041788578033
Output_46.txt,0.6902089715003967,0.3169862627983093,-0.1397719830274582
Output_46.txt,0.6326994299888611,0.46776753664016724,-0.04388705641031265
Output_46.txt,0.7485540509223938,0.46868354082107544,-0.08252539485692978
Output_46.txt,0.8221596479415894,0.4781920313835144,-0.12033984065055847
Output_46.txt,0.8901995420455933,0.49440625309944153,-0.14881521463394165
Output_46.txt,0.6370326280593872,0.5592113137245178,-0.03228003531694412
Output_46.txt,0.7550526857376099,0.5726783871650696,-0.06533792614936829
Output_46.txt,0.8386542201042175,0.5934258699417114,-0.1051223948597908
Output_46.txt,0.9116191864013672,0.6140018701553345,-0.13686101138591766
Output_46.txt,0.6174190640449524,0.6372896432876587,-0.031051933765411377
Output_46.txt,0.7182173728942871,0.6585325002670288,-0.06844963878393173
Output_46.txt,0.7828903794288635,0.6805605292320251,-0.09988351166248322
Output_46.txt,0.8412507176399231,0.694014310836792,-0.12250843644142151
Output_46.txt,0.5851017832756042,0.7085205316543579,-0.036913271993398666
Output_46.txt,0.6563730239868164,0.7293229103088379,-0.07099410146474838
Output_47.txt,0.32494500279426575,0.5486427545547485,1.4672826864625677e-06
Output_47.txt,0.35871896147727966,0.37232574820518494,-0.1534462720155716
Output_47.txt,0.4471251964569092,0.23992112278938293,-0.22887122631072998
Output_47.txt,0.5231537818908691,0.1453694999217987,-0.28478261828422546
Output_47.txt,0.6257815957069397,0.052074581384658813,-0.3420819342136383
Output_47.txt,0.6349887847900391,0.3738292455673218,-0.1564360409975052
Output_47.txt,0.7857101559638977,0.3344440162181854,-0.2262282371520996
Output_47.txt,0.8759030103683472,0.30748432874679565,-0.2878783345222473
Output_47.txt,0.9567001461982727,0.2920764088630676,-0.3374207615852356
Output_47.txt,0.6390241980552673,0.4923199713230133,-0.13121096789836884
Output_47.txt,0.7955169677734375,0.49119144678115845,-0.20203879475593567
Output_47.txt,0.8948903679847717,0.5049306750297546,-0.2758357524871826
Output_47.txt,0.9839304089546204,0.5229566693305969,-0.33614814281463623
Output_47.txt,0.6209821701049805,0.5946357846260071,-0.1212170273065567
Output_47.txt,0.7510620951652527,0.6141861081123352,-0.19473935663700104
Output_47.txt,0.8324995040893555,0.6450767517089844,-0.26768258213996887
Output_47.txt,0.909242570400238,0.6725314855575562,-0.32364335656166077
Output_47.txt,0.595571756362915,0.6870459318161011,-0.12388166040182114
Output_47.txt,0.6868188977241516,0.7216063737869263,-0.19350583851337433
Output_48.txt,0.09890943765640259,0.5551729202270508,1.8304167497262824e-06
Output_48.txt,0.15817612409591675,0.35317379236221313,-0.1590721756219864
Output_48.txt,0.27650192379951477,0.2082175612449646,-0.242269366979599
Output_48.txt,0.38018202781677246,0.08593642711639404,-0.3081515431404114
Output_48.txt,0.47096139192581177,-0.05570492148399353,-0.3748264014720917
Output_48.txt,0.49120986461639404,0.3593849539756775,-0.12173829227685928
Output_48.txt,0.6616959571838379,0.3583586812019348,-0.18092574179172516
Output_48.txt,0.7659550309181213,0.3645952343940735,-0.23839351534843445
Output_48.txt,0.8579536080360413,0.3751790225505829,-0.28524544835090637
Output_48.txt,0.48947304487228394,0.5035257339477539,-0.09386299550533295
Output_48.txt,0.664326012134552,0.5510010719299316,-0.1464192271232605
Output_48.txt,0.7719107270240784,0.6015194058418274,-0.20495955646038055
Output_48.txt,0.8651993274688721,0.6466084718704224,-0.25402167439460754
Output_48.txt,0.463492214679718,0.6248541474342346,-0.08513351529836655
Output_48.txt,0.6174999475479126,0.677264392375946,-0.1390129029750824
Output_48.txt,0.7187846302986145,0.7192546129226685,-0.19265952706336975
Output_48.txt,0.8125267028808594,0.7507129907608032,-0.23580819368362427
Output_48.txt,0.42610394954681396,0.7350565791130066,-0.0919354110956192
Output_48.txt,0.5458108186721802,0.783458948135376,-0.13917094469070435
Output_49.txt,0.3930473327636719,0.543139636516571,7.04910007698345e-07
Output_49.txt,0.46118873357772827,0.4362070560455322,-0.06394478678703308
Output_49.txt,0.5504252910614014,0.38172781467437744,-0.09233474731445312
Output_49.txt,0.6335250735282898,0.3671320080757141,-0.11365625262260437
Output_49.txt,0.7108416557312012,0.3482778072357178,-0.1336071789264679
Output_49.txt,0.643649160861969,0.5215895771980286,-0.04597766697406769
Output_49.txt,0.7491135001182556,0.5470673441886902,-0.08416827768087387
Output_49.txt,0.8126688003540039,0.572602391242981,-0.11880432069301605
Output_49.txt,0.8687567710876465,0.6035296320915222,-0.14335723221302032
Output_49.txt,0.635215699672699,0.5984879732131958,-0.037807952612638474
Output_49.txt,0.7484215497970581,0.6326110363006592,-0.06805102527141571
Output_49.txt,0.8189873099327087,0.6622350215911865,-0.0986998975276947
Output_49.txt,0.8789998292922974,0.690848708152771,-0.12276358157396317
Output_49.txt,0.6099361181259155,0.6587682366371155,-0.038475219160318375
Output_49.txt,0.707878828048706,0.6973146796226501,-0.06850158423185349
Output_49.txt,0.7718881368637085,0.7186548709869385,-0.09209967404603958
Output_49.txt,0.8256869316101074,0.7365610003471375,-0.10938731580972672
Output_49.txt,0.5708983540534973,0.7148626446723938,-0.045639634132385254
Output_49.txt,0.6442262530326843,0.749528706073761,-0.07215776294469833
Output_5.txt,-0.04807525873184204,0.5904660820960999,7.025709578556416e-07
Output_5.txt,0.00963062047958374,0.39392608404159546,-0.046913668513298035
Output_5.txt,0.15992766618728638,0.2601316571235657,-0.06708838790655136
Output_5.txt,0.28055375814437866,0.1814166009426117,-0.08558047562837601
Output_5.txt,0.36564457416534424,0.08585372567176819,-0.10658502578735352
Output_5.txt,0.36123332381248474,0.392522394657135,-0.0440966971218586
Output_5.txt,0.5246238112449646,0.3098928928375244,-0.09533410519361496
Output_5.txt,0.628436803817749,0.24794630706310272,-0.13816715776920319
Output_5.txt,0.719479501247406,0.1999918818473816,-0.1702961027622223
Output_5.txt,0.3844106197357178,0.5228521823883057,-0.06438275426626205
Output_5.txt,0.5688499808311462,0.4458858370780945,-0.11853419989347458
Output_5.txt,0.6985453963279724,0.3841114044189453,-0.17115311324596405
Output_5.txt,0.8068551421165466,0.3309883773326874,-0.20717038214206696
Output_5.txt,0.3690544068813324,0.6599202156066895,-0.09199616312980652
Output_5.txt,0.5630910396575928,0.6127215623855591,-0.15707340836524963
Output_5.txt,0.6905673742294312,0.5651869773864746,-0.20799154043197632
Output_5.txt,0.7997294664382935,0.5151492357254028,-0.23865996301174164
Output_5.txt,0.3233639895915985,0.8031319379806519,-0.12189587205648422
Output_5.txt,0.4936571717262268,0.8203755617141724,-0.1838976889848709
Output_50.txt,0.22444897890090942,0.5091782212257385,1.08210781490925e-06
Output_50.txt,0.22604122757911682,0.6606569290161133,-0.08675588667392731
Output_50.txt,0.27330929040908813,0.8071509599685669,-0.1305675208568573
Output_50.txt,0.3229548931121826,0.9296422004699707,-0.1654139757156372
Output_50.txt,0.3482906222343445,1.0514330863952637,-0.19849546253681183
Output_50.txt,0.49246615171432495,0.7641767263412476,-0.061655085533857346
Output_50.txt,0.5971682071685791,0.8253821134567261,-0.09969373792409897
Output_50.txt,0.6662930250167847,0.8658276200294495,-0.13518185913562775
Output_50.txt,0.727921724319458,0.9001367092132568,-0.16347502171993256
Output_50.txt,0.5281013250350952,0.6687708497047424,-0.051275890320539474
Output_50.txt,0.6415166854858398,0.7086408734321594,-0.08489792048931122
Output_50.txt,0.7173787355422974,0.7372984290122986,-0.11924386769533157
Output_50.txt,0.7842102646827698,0.7665092945098877,-0.14490996301174164
Output_50.txt,0.5310721397399902,0.5689134001731873,-0.05145746469497681
Output_50.txt,0.6423307657241821,0.5952222347259521,-0.08987629413604736
Output_50.txt,0.7133726477622986,0.6148423552513123,-0.12476737052202225
Output_50.txt,0.7784979343414307,0.640544056892395,-0.14808952808380127
Output_50.txt,0.5041683316230774,0.46643972396850586,-0.05968823656439781
Output_50.txt,0.595962643623352,0.4313133656978607,-0.09955962002277374
Output_6.txt,0.26681581139564514,0.5802692174911499,9.951146466846694e-07
Output_6.txt,0.36374610662460327,0.730887234210968,-0.03212524205446243
Output_6.txt,0.46455109119415283,0.8185120820999146,-0.0649530440568924
Output_6.txt,0.5738307237625122,0.8506389856338501,-0.09079811722040176
Output_6.txt,0.659518301486969,0.8978633880615234,-0.11864061653614044
Output_6.txt,0.5506497621536255,0.665953516960144,-0.09956182539463043
Output_6.txt,0.7084417343139648,0.708428680896759,-0.14111629128456116
Output_6.txt,0.8028976917266846,0.7259659171104431,-0.16036531329154968
Output_6.txt,0.8763858079910278,0.740746021270752,-0.17207254469394684
Output_6.txt,0.5475237369537354,0.5470262765884399,-0.10057376325130463
Output_6.txt,0.7157726287841797,0.5265228152275085,-0.1416933238506317
Output_6.txt,0.8163076639175415,0.5130519866943359,-0.16225409507751465
Output_6.txt,0.8911374807357788,0.5041570663452148,-0.17716358602046967
Output_6.txt,0.5208700895309448,0.45344820618629456,-0.09866165369749069
Output_6.txt,0.6628473997116089,0.39464491605758667,-0.13282908499240875
Output_6.txt,0.7551641464233398,0.3619524836540222,-0.15171755850315094
Output_6.txt,0.8266501426696777,0.34518003463745117,-0.16647133231163025
Output_6.txt,0.4796310067176819,0.3903524875640869,-0.09648416191339493
Output_6.txt,0.5721598267555237,0.3086162805557251,-0.12994085252285004
Output_7.txt,0.02404877543449402,0.3474028706550598,8.115326295410341e-07
Output_7.txt,0.060225456953048706,0.5753167271614075,-0.06322376430034637
Output_7.txt,0.17704692482948303,0.7661857008934021,-0.08170323073863983
Output_7.txt,0.28975939750671387,0.906405508518219,-0.09920473396778107
Output_7.txt,0.3406468629837036,1.035660743713379,-0.11473216861486435
Output_7.txt,0.4365980625152588,0.6884528994560242,-0.013608771376311779
Output_7.txt,0.5897870063781738,0.7919784784317017,-0.033615924417972565
Output_7.txt,0.6818623542785645,0.8467618227005005,-0.0562245175242424
Output_7.txt,0.7637364864349365,0.8885074257850647,-0.07899372279644012
Output_7.txt,0.4828794002532959,0.5594320893287659,-0.01903589628636837
Output_7.txt,0.6609717607498169,0.6356325745582581,-0.03460767865180969
Output_7.txt,0.7645982503890991,0.6795191168785095,-0.057399749755859375
Output_7.txt,0.857572078704834,0.7178731560707092,-0.07721864432096481
Output_7.txt,0.48566967248916626,0.42748042941093445,-0.03623117879033089
Output_7.txt,0.6636415719985962,0.4588155448436737,-0.06750009953975677
Output_7.txt,0.769993782043457,0.4880440831184387,-0.09891535341739655
Output_7.txt,0.8654055595397949,0.5185725688934326,-0.12263797968626022
Output_7.txt,0.45073172450065613,0.28238174319267273,-0.0611390545964241
Output_7.txt,0.5892450213432312,0.23932567238807678,-0.10503830015659332
Output_8.txt,0.4664228558540344,0.6137583255767822,1.8668681889266736e-07
Output_8.txt,0.3542789816856384,0.5898643136024475,0.02006932534277439
Output_8.txt,0.2988739013671875,0.5445070266723633,0.034419264644384384
Output_8.txt,0.27564552426338196,0.49466031789779663,0.05118398740887642
Output_8.txt,0.2510755658149719,0.4576183557510376,0.06995663791894913
Output_8.txt,0.36514732241630554,0.46213364601135254,0.0158404391258955
Output_8.txt,0.32164108753204346,0.3878653049468994,0.037423521280288696
Output_8.txt,0.2999189794063568,0.3512037992477417,0.05740710720419884
Output_8.txt,0.2840256094932556,0.3260136544704437,0.07062865048646927
Output_8.txt,0.4336026906967163,0.44904792308807373,0.013824920170009136
Output_8.txt,0.39937928318977356,0.3560903072357178,0.025297436863183975
Output_8.txt,0.3828252851963043,0.3093785345554352,0.0340857058763504
Output_8.txt,0.36871910095214844,0.27324628829956055,0.04093890264630318
Output_8.txt,0.48692238330841064,0.45350033044815063,0.015748487785458565
Output_8.txt,0.46756044030189514,0.366520494222641,0.020448602735996246
Output_8.txt,0.4556586444377899,0.31583184003829956,0.01822340302169323
Output_8.txt,0.4468764364719391,0.2773154377937317,0.017388246953487396
Output_8.txt,0.538411557674408,0.47095537185668945,0.02235727198421955
Output_8.txt,0.5437362194061279,0.4008878767490387,0.03233899921178818
Output_9.txt,0.6452644467353821,0.2730128765106201,4.2818416545742366e-07
Output_9.txt,0.7313836812973022,0.4193854331970215,-0.04899353161454201
Output_9.txt,0.7512992024421692,0.5992023348808289,-0.06318973749876022
Output_9.txt,0.7204751968383789,0.7582105994224548,-0.07509274780750275
Output_9.txt,0.7002828121185303,0.8925958275794983,-0.08337462693452835
Output_9.txt,0.6379276514053345,0.727271556854248,0.02118895761668682
Output_9.txt,0.6004704833030701,0.8679656386375427,0.0030878533143550158
Output_9.txt,0.5737976431846619,0.9382209181785583,-0.027861956506967545
Output_9.txt,0.5492343902587891,1.0081548690795898,-0.057047802954912186
Output_9.txt,0.5675491690635681,0.6956638693809509,0.0226861834526062
Output_9.txt,0.5228786468505859,0.8362332582473755,0.006186361890286207
Output_9.txt,0.5001230239868164,0.9166023135185242,-0.03691061586141586
Output_9.txt,0.4888421297073364,0.9859197735786438,-0.07582296431064606
Output_9.txt,0.5137190222740173,0.6350361108779907,0.013609817251563072
Output_9.txt,0.4577236473560333,0.7722644805908203,-0.017304981127381325
Output_9.txt,0.4454943537712097,0.8469383120536804,-0.059026800096035004
Output_9.txt,0.45594358444213867,0.8866845965385437,-0.09076111018657684
Output_9.txt,0.4601106345653534,0.5548040866851807,2.2772779630031437e-05
Output_9.txt,0.4127444624900818,0.6638781428337097,-0.03659626096487045
